canonical_card_id,language,set_id,collector_number,card_name,candidate_url,page_url,source,rights_status,match_evidence,action
pokemon|en|2282|068/195|kirlia_2023_tord_reklev,en,2282,068/195,Kirlia 2023 Tord Reklev,https://pkmncards.com/wp-content/uploads/sv1_en_208.jpg,https://pkmncards.com/?s=Kirlia%202023%20Tord%20Reklev%2068,pkmncards,fan_site_rights_review,search:Kirlia 2023 Tord Reklev 68,rights_review
pokemon|en|2282|077/167|iron_thorns_ex_077_167_2024_fernando_cifuentes_gold_signature,en,2282,077/167,Iron Thorns ex 077 167 2024 Fernando Cifuentes Gold Signature,https://pkmncards.com/wp-content/uploads/sv1_en_208.jpg,https://pkmncards.com/?s=Iron%20Thorns%20ex%20077%20167%202024%20Fernando%20Cifuentes%20Gold%20Signature%2077,pkmncards,fan_site_rights_review,search:Iron Thorns ex 077 167 2024 Fernando Cifuentes Gold Signature 77,rights_review
pokemon|en|2374|SWSH029|rayquaza_swsh029_pixel_cosmos_holo,en,2374,SWSH029,Rayquaza SWSH029 Pixel Cosmos Holo,https://pkmncards.com/wp-content/uploads/sv1_en_208.jpg,https://pkmncards.com/?s=Rayquaza%20SWSH029%20Pixel%20SWSH029,pkmncards,fan_site_rights_review,search:Rayquaza SWSH029 Pixel SWSH029,rights_review
pokemon|en|2374|110/193|larvitar_110_193_cosmo_foil,en,2374,110/193,Larvitar 110 193 Cosmo Foil,https://pkmncards.com/wp-content/uploads/sv1_en_208.jpg,https://pkmncards.com/?s=Larvitar%20110%20193%20Cosmo%20Foil%20110,pkmncards,fan_site_rights_review,search:Larvitar 110 193 Cosmo Foil 110,rights_review
pokemon|en|2374|112/203|dialga_112_203_cosmos_holo,en,2374,112/203,Dialga 112 203 Cosmos Holo,https://pkmncards.com/wp-content/uploads/sv1_en_208.jpg,https://pkmncards.com/?s=Dialga%20112%20203%20112,pkmncards,fan_site_rights_review,search:Dialga 112 203 112,rights_review
pokemon|en|pkmtch|S-P 163|cyndaquil,en,pkmtch,S-P 163,Cyndaquil,https://pkmncards.com/wp-content/uploads/sv1_en_208.jpg,https://pkmncards.com/?s=Cyndaquil%20S-P%20163,pkmncards,fan_site_rights_review,search:Cyndaquil S-P 163,rights_review
pokemon|en|pkmtch|S-P 164|oshawott,en,pkmtch,S-P 164,Oshawott,https://pkmncards.com/wp-content/uploads/sv1_en_208.jpg,https://pkmncards.com/?s=Oshawott%20S-P%20164,pkmncards,fan_site_rights_review,search:Oshawott S-P 164,rights_review
pokemon|jp|24045|009/014|super_scoop_up,ja,24045,009/014,Super Scoop Up,https://pkmncards.com/wp-content/uploads/sv1_en_208.jpg,https://pkmncards.com/?s=Super%20Scoop%20Up%209,pkmncards,fan_site_rights_review,search:Super Scoop Up 9,rights_review
pokemon|jp|24045|010/014|double_full_heal,ja,24045,010/014,Double Full Heal,https://pkmncards.com/wp-content/uploads/double-full-heal-diamond-pearl-dp-105.jpg,https://pkmncards.com/?s=Double%20Full%20Heal%2010,pkmncards,fan_site_rights_review,search:Double Full Heal 10,rights_review
pokemon|jp|24045|014/014|conductive_quarry,ja,24045,014/014,Conductive Quarry,https://pkmncards.com/wp-content/uploads/sv1_en_208.jpg,https://pkmncards.com/?s=Conductive%20Quarry%2014,pkmncards,fan_site_rights_review,search:Conductive Quarry 14,rights_review
pokemon|jp|24046|009/014|energy_switch,ja,24046,009/014,Energy Switch,https://pkmncards.com/wp-content/uploads/sv1_en_208.jpg,https://pkmncards.com/?s=Energy%20Switch%209,pkmncards,fan_site_rights_review,search:Energy Switch 9,rights_review
pokemon|jp|24046|010/014|double_full_heal,ja,24046,010/014,Double Full Heal,https://pkmncards.com/wp-content/uploads/double-full-heal-diamond-pearl-dp-105.jpg,https://pkmncards.com/?s=Double%20Full%20Heal%2010,pkmncards,fan_site_rights_review,search:Double Full Heal 10,rights_review
pokemon|jp|24046|013/014|moms_kindness,ja,24046,013/014,Moms Kindness,https://pkmncards.com/wp-content/uploads/sv1_en_208.jpg,https://pkmncards.com/?s=Moms%20Kindness%2013,pkmncards,fan_site_rights_review,search:Moms Kindness 13,rights_review
pokemon|jp|24046|014/014|miasma_valley,ja,24046,014/014,Miasma Valley,https://pkmncards.com/wp-content/uploads/sv1_en_208.jpg,https://pkmncards.com/?s=Miasma%20Valley%2014,pkmncards,fan_site_rights_review,search:Miasma Valley 14,rights_review
pokemon|jp|24082|009/016|energy_search,ja,24082,009/016,Energy Search,https://pkmncards.com/wp-content/uploads/sv1_en_208.jpg,https://pkmncards.com/?s=Energy%20Search%209,pkmncards,fan_site_rights_review,search:Energy Search 9,rights_review
pokemon|jp|24082|013/016|pokenav,ja,24082,013/016,PokeNav,https://pkmncards.com/wp-content/uploads/sv1_en_208.jpg,https://pkmncards.com/?s=PokeNav%2013,pkmncards,fan_site_rights_review,search:PokeNav 13,rights_review
pokemon|jp|24082|014/016|celios_network,ja,24082,014/016,Celios Network,https://pkmncards.com/wp-content/uploads/sv1_en_208.jpg,https://pkmncards.com/?s=Celios%20Network%2014,pkmncards,fan_site_rights_review,search:Celios Network 14,rights_review
pokemon|jp|24083|001/016|torchic,ja,24083,001/016,Torchic,https://pkmncards.com/wp-content/uploads/sv1_en_208.jpg,https://pkmncards.com/?s=Torchic%201,pkmncards,fan_site_rights_review,search:Torchic 1,rights_review
pokemon|jp|24083|003/016|squirtle,ja,24083,003/016,Squirtle,https://pkmncards.com/wp-content/uploads/sv1_en_208.jpg,https://pkmncards.com/?s=Squirtle%203,pkmncards,fan_site_rights_review,search:Squirtle 3,rights_review
pokemon|jp|24083|007/016|treecko_delta_species,ja,24083,007/016,Treecko Delta Species,https://pkmncards.com/wp-content/uploads/sv1_en_208.jpg,https://pkmncards.com/?s=Treecko%20Delta%20Species%207,pkmncards,fan_site_rights_review,search:Treecko Delta Species 7,rights_review
pokemon|jp|24083|008/016|grovyle_delta_species,ja,24083,008/016,Grovyle Delta Species,https://pkmncards.com/wp-content/uploads/sv1_en_208.jpg,https://pkmncards.com/?s=Grovyle%20Delta%20Species%208,pkmncards,fan_site_rights_review,search:Grovyle Delta Species 8,rights_review
pokemon|jp|24083|011/016|pokenav,ja,24083,011/016,PokeNav,https://pkmncards.com/wp-content/uploads/sv1_en_208.jpg,https://pkmncards.com/?s=PokeNav%2011,pkmncards,fan_site_rights_review,search:PokeNav 11,rights_review
pokemon|jp|24083|012/016|poke_ball,ja,24083,012/016,Poke Ball,https://pkmncards.com/wp-content/uploads/sv1_en_208.jpg,https://pkmncards.com/?s=Poke%20Ball%2012,pkmncards,fan_site_rights_review,search:Poke Ball 12,rights_review
pokemon|jp|24083|014/016|celios_network,ja,24083,014/016,Celios Network,https://pkmncards.com/wp-content/uploads/sv1_en_208.jpg,https://pkmncards.com/?s=Celios%20Network%2014,pkmncards,fan_site_rights_review,search:Celios Network 14,rights_review
pokemon|jp|24083|015/016|bills_maintenance,ja,24083,015/016,Bills Maintenance,https://pkmncards.com/wp-content/uploads/sv1_en_208.jpg,https://pkmncards.com/?s=Bills%20Maintenance%2015,pkmncards,fan_site_rights_review,search:Bills Maintenance 15,rights_review
pokemon|jp|24083|016/016|multi_energy,ja,24083,016/016,Multi Energy,https://pkmncards.com/wp-content/uploads/sv1_en_208.jpg,https://pkmncards.com/?s=Multi%20Energy%2016,pkmncards,fan_site_rights_review,search:Multi Energy 16,rights_review
pokemon|jp|24086|001/015|ponyta,ja,24086,001/015,Ponyta,https://pkmncards.com/wp-content/uploads/sv1_en_208.jpg,https://pkmncards.com/?s=Ponyta%201,pkmncards,fan_site_rights_review,search:Ponyta 1,rights_review
pokemon|jp|24086|002/015|rapidash,ja,24086,002/015,Rapidash,https://pkmncards.com/wp-content/uploads/sv1_en_208.jpg,https://pkmncards.com/?s=Rapidash%202,pkmncards,fan_site_rights_review,search:Rapidash 2,rights_review
pokemon|jp|24086|004/015|flareon_ex,ja,24086,004/015,Flareon ex,https://pkmncards.com/wp-content/uploads/sv1_en_208.jpg,https://pkmncards.com/?s=Flareon%20ex%204,pkmncards,fan_site_rights_review,search:Flareon ex 4,rights_review
pokemon|jp|24086|005/015|bagon_delta_species,ja,24086,005/015,Bagon Delta Species,https://pkmncards.com/wp-content/uploads/sv1_en_208.jpg,https://pkmncards.com/?s=Bagon%20Delta%20Species%205,pkmncards,fan_site_rights_review,search:Bagon Delta Species 5,rights_review
pokemon|jp|24086|006/015|shelgon_delta_species,ja,24086,006/015,Shelgon Delta Species,https://pkmncards.com/wp-content/uploads/sv1_en_208.jpg,https://pkmncards.com/?s=Shelgon%20Delta%20Species%206,pkmncards,fan_site_rights_review,search:Shelgon Delta Species 6,rights_review
pokemon|jp|24086|008/015|dual_ball,ja,24086,008/015,Dual Ball,https://pkmncards.com/wp-content/uploads/sv1_en_208.jpg,https://pkmncards.com/?s=Dual%20Ball%208,pkmncards,fan_site_rights_review,search:Dual Ball 8,rights_review
pokemon|jp|24086|009/015|switch,ja,24086,009/015,Switch,https://pkmncards.com/wp-content/uploads/sv1_en_208.jpg,https://pkmncards.com/?s=Switch%209,pkmncards,fan_site_rights_review,search:Switch 9,rights_review
pokemon|jp|24086|013/015|basic_fire_energy_013_015,ja,24086,013/015,Basic Fire Energy 013 015,https://pkmncards.com/wp-content/uploads/sv1_en_208.jpg,https://pkmncards.com/?s=Basic%20Fire%20Energy%20013%20015%2013,pkmncards,fan_site_rights_review,search:Basic Fire Energy 013 015 13,rights_review
pokemon|jp|24087|001/015|magnemite,ja,24087,001/015,Magnemite,https://pkmncards.com/wp-content/uploads/sv1_en_208.jpg,https://pkmncards.com/?s=Magnemite%201,pkmncards,fan_site_rights_review,search:Magnemite 1,rights_review
pokemon|jp|24087|005/015|dratini_delta_species,ja,24087,005/015,Dratini Delta Species,https://pkmncards.com/wp-content/uploads/dratini-d-delta-species-ds-65.jpg,https://pkmncards.com/?s=Dratini%20Delta%20Species%205,pkmncards,fan_site_rights_review,search:Dratini Delta Species 5,rights_review
pokemon|jp|24087|006/015|dragonair_delta_species,ja,24087,006/015,Dragonair Delta Species,https://pkmncards.com/wp-content/uploads/sv1_en_208.jpg,https://pkmncards.com/?s=Dragonair%20Delta%20Species%206,pkmncards,fan_site_rights_review,search:Dragonair Delta Species 6,rights_review
pokemon|jp|24087|007/015|eevee,ja,24087,007/015,Eevee,https://pkmncards.com/wp-content/uploads/sv1_en_208.jpg,https://pkmncards.com/?s=Eevee%207,pkmncards,fan_site_rights_review,search:Eevee 7,rights_review
pokemon|jp|24087|009/015|super_scoop_up,ja,24087,009/015,Super Scoop Up,https://pkmncards.com/wp-content/uploads/sv1_en_208.jpg,https://pkmncards.com/?s=Super%20Scoop%20Up%209,pkmncards,fan_site_rights_review,search:Super Scoop Up 9,rights_review
pokemon|jp|24087|010/015|holon_scientist,ja,24087,010/015,Holon Scientist,https://pkmncards.com/wp-content/uploads/sv1_en_208.jpg,https://pkmncards.com/?s=Holon%20Scientist%2010,pkmncards,fan_site_rights_review,search:Holon Scientist 10,rights_review
pokemon|jp|24087|013/015|basic_lightning_energy_013_015,ja,24087,013/015,Basic Lightning Energy 013 015,https://pkmncards.com/wp-content/uploads/sv1_en_208.jpg,https://pkmncards.com/?s=Basic%20Lightning%20Energy%20013%20015%2013,pkmncards,fan_site_rights_review,search:Basic Lightning Energy 013 015 13,rights_review
pokemon|jp|24088|001/015|staryu,ja,24088,001/015,Staryu,https://pkmncards.com/wp-content/uploads/sv1_en_208.jpg,https://pkmncards.com/?s=Staryu%201,pkmncards,fan_site_rights_review,search:Staryu 1,rights_review
pokemon|jp|24088|002/015|ditto,ja,24088,002/015,Ditto,https://pkmncards.com/wp-content/uploads/sv1_en_208.jpg,https://pkmncards.com/?s=Ditto%202,pkmncards,fan_site_rights_review,search:Ditto 2,rights_review
pokemon|jp|24088|003/015|vaporeon_ex,ja,24088,003/015,Vaporeon ex,https://pkmncards.com/wp-content/uploads/sv8-5_en_023_std.jpg,https://pkmncards.com/?s=Vaporeon%20ex%203,pkmncards,fan_site_rights_review,search:Vaporeon ex 3,rights_review
pokemon|jp|24088|006/015|azumarill_delta_species,ja,24088,006/015,Azumarill Delta Species,https://pkmncards.com/wp-content/uploads/sv1_en_208.jpg,https://pkmncards.com/?s=Azumarill%20Delta%20Species%206,pkmncards,fan_site_rights_review,search:Azumarill Delta Species 6,rights_review
pokemon|jp|24088|008/015|potion,ja,24088,008/015,Potion,https://pkmncards.com/wp-content/uploads/sv1_en_208.jpg,https://pkmncards.com/?s=Potion%208,pkmncards,fan_site_rights_review,search:Potion 8,rights_review
pokemon|jp|24088|010/015|holon_scientist,ja,24088,010/015,Holon Scientist,https://pkmncards.com/wp-content/uploads/sv1_en_208.jpg,https://pkmncards.com/?s=Holon%20Scientist%2010,pkmncards,fan_site_rights_review,search:Holon Scientist 10,rights_review
pokemon|jp|24088|015/015|holon_energy_wp,ja,24088,015/015,Holon Energy WP,https://pkmncards.com/wp-content/uploads/sv1_en_208.jpg,https://pkmncards.com/?s=Holon%20Energy%20WP%2015,pkmncards,fan_site_rights_review,search:Holon Energy WP 15,rights_review
pokemon|jp|24091|001/024|jynx_delta_species,ja,24091,001/024,Jynx Delta Species,https://pkmncards.com/wp-content/uploads/sv1_en_208.jpg,https://pkmncards.com/?s=Jynx%20Delta%20Species%201,pkmncards,fan_site_rights_review,search:Jynx Delta Species 1,rights_review
pokemon|jp|24091|002/024|smoochum_delta_species,ja,24091,002/024,Smoochum Delta Species,https://pkmncards.com/wp-content/uploads/sv1_en_208.jpg,https://pkmncards.com/?s=Smoochum%20Delta%20Species%202,pkmncards,fan_site_rights_review,search:Smoochum Delta Species 2,rights_review
pokemon|jp|24091|003/024|ralts_delta_species,ja,24091,003/024,Ralts Delta Species,https://pkmncards.com/wp-content/uploads/sv1_en_208.jpg,https://pkmncards.com/?s=Ralts%20Delta%20Species%203,pkmncards,fan_site_rights_review,search:Ralts Delta Species 3,rights_review
pokemon|jp|24091|004/024|kirlia_delta_species,ja,24091,004/024,Kirlia Delta Species,https://pkmncards.com/wp-content/uploads/kirlia-delta-species-ds-47.jpg,https://pkmncards.com/?s=Kirlia%20Delta%20Species%204,pkmncards,fan_site_rights_review,search:Kirlia Delta Species 4,rights_review
pokemon|jp|24091|005/024|gardevoir_ex_delta_species,ja,24091,005/024,Gardevoir ex Delta Species,https://pkmncards.com/wp-content/uploads/sv1_en_208.jpg,https://pkmncards.com/?s=Gardevoir%20ex%20Delta%20Species%205,pkmncards,fan_site_rights_review,search:Gardevoir ex Delta Species 5,rights_review
pokemon|jp|24091|006/024|smeargle_delta_species,ja,24091,006/024,Smeargle Delta Species,https://pkmncards.com/wp-content/uploads/sv1_en_208.jpg,https://pkmncards.com/?s=Smeargle%20Delta%20Species%206,pkmncards,fan_site_rights_review,search:Smeargle Delta Species 6,rights_review
pokemon|jp|24091|007/024|ralts,ja,24091,007/024,Ralts,https://pkmncards.com/wp-content/uploads/sv1_en_208.jpg,https://pkmncards.com/?s=Ralts%207,pkmncards,fan_site_rights_review,search:Ralts 7,rights_review
pokemon|jp|24091|009/024|trapinch_delta_species,ja,24091,009/024,Trapinch Delta Species,https://pkmncards.com/wp-content/uploads/sv1_en_208.jpg,https://pkmncards.com/?s=Trapinch%20Delta%20Species%209,pkmncards,fan_site_rights_review,search:Trapinch Delta Species 9,rights_review
pokemon|jp|24091|010/024|vibrava_delta_species,ja,24091,010/024,Vibrava Delta Species,https://pkmncards.com/wp-content/uploads/sv1_en_208.jpg,https://pkmncards.com/?s=Vibrava%20Delta%20Species%2010,pkmncards,fan_site_rights_review,search:Vibrava Delta Species 10,rights_review
pokemon|jp|24091|012/024|dual_ball,ja,24091,012/024,Dual Ball,https://pkmncards.com/wp-content/uploads/sv1_en_208.jpg,https://pkmncards.com/?s=Dual%20Ball%2012,pkmncards,fan_site_rights_review,search:Dual Ball 12,rights_review
pokemon|jp|24091|013/024|old_rod,ja,24091,013/024,Old Rod,https://pkmncards.com/wp-content/uploads/sv1_en_208.jpg,https://pkmncards.com/?s=Old%20Rod%2013,pkmncards,fan_site_rights_review,search:Old Rod 13,rights_review
pokemon|jp|24091|018/024|island_hermit,ja,24091,018/024,Island Hermit,https://pkmncards.com/wp-content/uploads/sv1_en_208.jpg,https://pkmncards.com/?s=Island%20Hermit%2018,pkmncards,fan_site_rights_review,search:Island Hermit 18,rights_review
pokemon|jp|24091|020/024|celios_network,ja,24091,020/024,Celios Network,https://pkmncards.com/wp-content/uploads/sv1_en_208.jpg,https://pkmncards.com/?s=Celios%20Network%2020,pkmncards,fan_site_rights_review,search:Celios Network 20,rights_review
pokemon|jp|24091|023/024|buffer_piece,ja,24091,023/024,Buffer Piece,https://pkmncards.com/wp-content/uploads/sv1_en_208.jpg,https://pkmncards.com/?s=Buffer%20Piece%2023,pkmncards,fan_site_rights_review,search:Buffer Piece 23,rights_review
pokemon|jp|24112|009/015|mr_stones_project,ja,24112,009/015,Mr Stones Project,https://pkmncards.com/wp-content/uploads/sv1_en_208.jpg,https://pkmncards.com/?s=Mr%20Stones%20Project%209,pkmncards,fan_site_rights_review,search:Mr Stones Project 9,rights_review
pokemon|jp|24159|004/012|sableye,ja,24159,004/012,Sableye,https://pkmncards.com/wp-content/uploads/sv1_en_208.jpg,https://pkmncards.com/?s=Sableye%204,pkmncards,fan_site_rights_review,search:Sableye 4,rights_review
pokemon|jp|24159|007/012|professor_oaks_research,ja,24159,007/012,Professor Oaks Research,https://pkmncards.com/wp-content/uploads/sv1_en_208.jpg,https://pkmncards.com/?s=Professor%20Oaks%20Research%207,pkmncards,fan_site_rights_review,search:Professor Oaks Research 7,rights_review
pokemon|jp|24159|008/012|oran_berry,ja,24159,008/012,Oran Berry,https://pkmncards.com/wp-content/uploads/sv1_en_208.jpg,https://pkmncards.com/?s=Oran%20Berry%208,pkmncards,fan_site_rights_review,search:Oran Berry 8,rights_review
pokemon|jp|24159|009/012|multi_technical_machine_01,ja,24159,009/012,Multi Technical Machine 01,https://pkmncards.com/wp-content/uploads/multi-technical-machine-01-pop-series-2-9.jpg,https://pkmncards.com/?s=Multi%20Technical%20Machine%2001%209,pkmncards,fan_site_rights_review,search:Multi Technical Machine 01 9,rights_review
