canonical_card_id,candidate_source,candidate_url,match_basis,disposition,reason,rights_note
pokemon|en|2282|077/167|iron_thorns_ex_077_167_2024_fernando_cifuentes_gold_signature,pokewallet,https://api.pokewallet.io/images/pk_a313f01bd4fd324c84f97683afb1c8dc21e21cb83d837973363c9a4c744bc0418c84e8b14875436fc9b5c66c4659?size=high,live_image:pk_a313f01bd4fd324c84f97683afb1c8dc21e21cb83d837973363c9a4c744bc0418c84e8b14875436fc9b5c66c4659;name=Iron Thorns ex - 077/167 - 2024 (Fernando Cifuentes);number=077/167;lang=,rejected_identity_mismatch_or_unproven_variant,signature_stamp_not_proven_in_match,"Even where API terms allow cache, CardScanR requires exact printing identity before rehost."
pokemon|en|2374|110/193|larvitar_110_193_cosmo_foil,pokewallet,https://api.pokewallet.io/images/pk_c9a98d8c4842c1cfc3fa8cfce5f9556d33b19fa9199b29614457d2d684d952646c0448009f4be4c3b529e828e1f1fad8?size=high,live_image:pk_c9a98d8c4842c1cfc3fa8cfce5f9556d33b19fa9199b29614457d2d684d952646c0448009f4be4c3b529e828e1f1fad8;name=Larvitar;number=110/193;lang=,rejected_identity_mismatch_or_unproven_variant,cosmo_foil_variant_not_proven,"Even where API terms allow cache, CardScanR requires exact printing identity before rehost."
pokemon|en|2374|112/203|dialga_112_203_cosmos_holo,pokewallet,https://api.pokewallet.io/images/pk_f0db91a8ea0999c60f924fb71f41d67f2aa47e1112f2d2c9192c5bcef0bc419212b81eb4f998a265cac85d0277b1e044?size=high,live_image:pk_f0db91a8ea0999c60f924fb71f41d67f2aa47e1112f2d2c9192c5bcef0bc419212b81eb4f998a265cac85d0277b1e044;name=Dialga;number=112/203;lang=,rejected_identity_mismatch_or_unproven_variant,cosmos_holo_variant_not_proven,"Even where API terms allow cache, CardScanR requires exact printing identity before rehost."
pokemon|en|pkmtch|S-P 163|cyndaquil,pokewallet,https://api.pokewallet.io/images/pk_e3ae9c0634506897e4b2725bcb27f49f05ea0bc46c453fc8f414f40acb69837aeaea857807a5592f0c70cf98?size=high,live_image:pk_e3ae9c0634506897e4b2725bcb27f49f05ea0bc46c453fc8f414f40acb69837aeaea857807a5592f0c70cf98;name=Cyndaquil;number=55/95;lang=,rejected_identity_mismatch_or_unproven_variant,wrong_collector_number_matched_55_95,"Even where API terms allow cache, CardScanR requires exact printing identity before rehost."
pokemon|en|pkmtch|S-P 164|oshawott,pokemon_tcg_api,https://images.pokemontcg.io/mcd11/4_hires.png,pokemontcg:mcd11-4,rejected_identity_mismatch_or_unproven_variant,wrong_set_pokemontcg_mcd11_4,"Even where API terms allow cache, CardScanR requires exact printing identity before rehost."
pokemon|jp|24045|009/014|super_scoop_up,pokewallet,https://api.pokewallet.io/images/pk_82dba69ae1af4ef64366b99b79f4a36833bee5249692c3b74bdbf7d63c7a32da0b91b6ea3da5bdab8c5436a562f7?size=high,live_image:pk_82dba69ae1af4ef64366b99b79f4a36833bee5249692c3b74bdbf7d63c7a32da0b91b6ea3da5bdab8c5436a562f7;name=Super Scoop Up;number=009/015;lang=,rejected_identity_mismatch_or_unproven_variant,kit_exact_printing_not_proven_shared_asset,"Even where API terms allow cache, CardScanR requires exact printing identity before rehost."
pokemon|jp|24046|009/014|energy_switch,pokemon_tcg_api,https://images.pokemontcg.io/pop5/9_hires.png,pokemontcg:pop5-9,rejected_identity_mismatch_or_unproven_variant,wrong_set_pokemontcg_pop5_9_en,"Even where API terms allow cache, CardScanR requires exact printing identity before rehost."
pokemon|jp|24082|009/016|energy_search,pokewallet,https://api.pokewallet.io/images/pk_8ac89efe44b0f32925d0d3ee0108d6614d618f362cf357914f4d02e6b124528180d15cd0bf3f3e7bad66f4?size=high,live_image:pk_8ac89efe44b0f32925d0d3ee0108d6614d618f362cf357914f4d02e6b124528180d15cd0bf3f3e7bad66f4;name=Energy Search (Latias);number=9/10;lang=,rejected_identity_mismatch_or_unproven_variant,wrong_set_latias_9_10,"Even where API terms allow cache, CardScanR requires exact printing identity before rehost."
pokemon|jp|24083|007/016|treecko_delta_species,pokewallet,https://api.pokewallet.io/images/pk_d1de7b4afc0c19e4a85fd28d7e0792b408f5ff859fb3b12a3af298b2f50270951a1f1d7629b20385?size=high,live_image:pk_d1de7b4afc0c19e4a85fd28d7e0792b408f5ff859fb3b12a3af298b2f50270951a1f1d7629b20385;name=Treecko - 007 (POP Tournament);number=007;lang=,rejected_identity_mismatch_or_unproven_variant,wrong_set_pop_tournament,"Even where API terms allow cache, CardScanR requires exact printing identity before rehost."
pokemon|jp|24083|008/016|grovyle_delta_species,pokewallet,https://api.pokewallet.io/images/pk_8b509b505165b76e94d5da7ab357ac1e3d01c6227738a5911bfe9825e70806a4e329f20dfab684cb86696cba68bb4f84?size=high,live_image:pk_8b509b505165b76e94d5da7ab357ac1e3d01c6227738a5911bfe9825e70806a4e329f20dfab684cb86696cba68bb4f84;name=Grovyle - 008/ADV-P;number=008/ADV-P;lang=,rejected_identity_mismatch_or_unproven_variant,wrong_set_adv_p_promo,"Even where API terms allow cache, CardScanR requires exact printing identity before rehost."
pokemon|jp|24083|012/016|poke_ball,pokewallet,https://api.pokewallet.io/images/pk_4ad14db664fcb6528f101731597ed21401c8b8b1fd29d59b847552ec095640739d6639b2238e575b1f044a8f5b9c45?size=high,live_image:pk_4ad14db664fcb6528f101731597ed21401c8b8b1fd29d59b847552ec095640739d6639b2238e575b1f044a8f5b9c45;name=Victini (Poke Ball Pattern);number=012/086;lang=,rejected_identity_mismatch_or_unproven_variant,wrong_card_victini_poke_ball_pattern,"Even where API terms allow cache, CardScanR requires exact printing identity before rehost."
pokemon|jp|24086|008/015|dual_ball,pokewallet,https://api.pokewallet.io/images/pk_48bf7b6b81ba134d686609d0390b95a33cd8416c249f19461a373e880efdcca26723887fd4397559afe89df4e26c?size=high,live_image:pk_48bf7b6b81ba134d686609d0390b95a33cd8416c249f19461a373e880efdcca26723887fd4397559afe89df4e26c;name=Dual Ball;number=008/014;lang=,rejected_identity_mismatch_or_unproven_variant,wrong_set_number_008_014_vs_008_015,"Even where API terms allow cache, CardScanR requires exact printing identity before rehost."
pokemon|jp|24087|009/015|super_scoop_up,pokewallet,https://api.pokewallet.io/images/pk_82dba69ae1af4ef64366b99b79f4a36833bee5249692c3b74bdbf7d63c7a32da0b91b6ea3da5bdab8c5436a562f7?size=high,live_image:pk_82dba69ae1af4ef64366b99b79f4a36833bee5249692c3b74bdbf7d63c7a32da0b91b6ea3da5bdab8c5436a562f7;name=Super Scoop Up;number=009/015;lang=,rejected_identity_mismatch_or_unproven_variant,kit_exact_printing_not_proven_shared_asset,"Even where API terms allow cache, CardScanR requires exact printing identity before rehost."
,pkmncards/limitless/serebii,,,not_approved_for_rehost,fan_site_visibility_is_not_rehost_permission; pass6 shared-thumb false positives rejected,Record separately; do not rehost without written permission and exact identity.
