canonical_card_id,language,set_id,set_name,collector_number,card_name,recovered,source,public_url,original_source_url,identity_evidence,status,best_candidate_url,best_candidate_source,best_candidate_notes
pokemon|en|2282|068/195|kirlia_2023_tord_reklev,en,2282,World Championship Decks,068/195,Kirlia 2023 Tord Reklev,False,,,,,unresolved,https://klxcards.com/card-library/pokemon/silver-tempest/068-195-kirlia-cosmos-holo-play-pokemon/,pkmncards,KLX catalogs WCS Tord Reklev 068/195 SKU; Play!/PC stamp image rejected as wrong stamp. Need WCS card-front with Reklev signature.
pokemon|en|2282|077/167|iron_thorns_ex_077_167_2024_fernando_cifuentes_gold_signature,en,2282,World Championship Decks,077/167,Iron Thorns ex 077 167 2024 Fernando Cifuentes Gold Signature,False,,,,,unresolved,https://klxcards.com/card-library/pokemon/world-championships-2024/unnumbered-iron-thorns-ex-fernando-cifuentes-gold-0beef989/,pkmncards,Catalog pages exist for Fernando Cifuentes gold-signature WCS printing; no verified front-scan with gold signature located.
pokemon|en|2374|SWSH029|rayquaza_swsh029_pixel_cosmos_holo,en,2374,Miscellaneous Cards & Products,SWSH029,Rayquaza SWSH029 Pixel Cosmos Holo,False,,,,,unresolved,https://icehawkcollectibles.co.uk/sword-shield-promos/33917-rayquazaswshp029swshpholofoilalternate.html,pkmncards,Icehawk lists Pixel Cosmos from Sea & Sky; product photo shows SWSH029 but copyright 2020 and foil pattern not proven as pixel cosmos — not hosted.
pokemon|en|2374|110/193|larvitar_110_193_cosmo_foil,en,2374,Miscellaneous Cards & Products,110/193,Larvitar 110 193 Cosmo Foil,True,tcgplayer_product_cdn,https://cardscanr-images.andygore149.workers.dev/cards/en/2374/2374-110-193/display.webp,https://tcgplayer-cdn.tcgplayer.com/product/610124_in_1000x1000.jpg,tcgplayer_product=610124;title=Larvitar 110/193 Cosmo Foil;number=110/193;visual_confirmed,ok,https://pkmncards.com/wp-content/uploads/clefairy-ex-101-16-9-640.png,pkmncards,pkmncards_search:https://pkmncards.com/?s=Larvitar%20110%20193%20Cosmo%20Foil%20110/193
pokemon|en|2374|112/203|dialga_112_203_cosmos_holo,en,2374,Miscellaneous Cards & Products,112/203,Dialga 112 203 Cosmos Holo,True,magicmadhouse,https://cardscanr-images.andygore149.workers.dev/cards/en/2374/2374-112-203/display.webp,https://cdn11.bigcommerce.com/s-b4ioc4fed9/images/stencil/original/products/479436/2808699/4muOO1g7lpQ1FwrDNHFYQTxEb__64202.1762784312.jpg,magicmadhouse_product=PE-SS07-112CH;title=Evolving Skies 112/203 Dialga (Cosmo Holo);number=112/203;artwork_confirmed,ok,https://pkmncards.com/wp-content/uploads/clefairy-ex-101-16-9-640.png,pkmncards,pkmncards_search:https://pkmncards.com/?s=Dialga%20112%20203%20Cosmos%20Holo%20112/203
pokemon|en|pkmtch|S-P 163|cyndaquil,en,pkmtch,PKMTCH,S-P 163,Cyndaquil,True,pokumon_cdn,https://cardscanr-images.andygore149.workers.dev/cards/en/pkmtch/pkmtch-s-p163/display.webp,https://cdn6966.templcdn.com/wp-content/uploads/2022/08/CN_163S-P.jpg,zh_trad_kfc_stamp;number=163/S-P;name=Cyndaquil;visual_confirmed_kfc_logo,ok,https://pkmncards.com/wp-content/uploads/clefairy-ex-101-16-9-640.png,pkmncards,pkmncards_search:https://pkmncards.com/?s=Cyndaquil%20S-P%20163
pokemon|en|pkmtch|S-P 164|oshawott,en,pkmtch,PKMTCH,S-P 164,Oshawott,True,pokumon_cdn,https://cardscanr-images.andygore149.workers.dev/cards/en/pkmtch/pkmtch-s-p164/display.webp,https://cdn6966.templcdn.com/wp-content/uploads/2022/08/CN_164S-P.jpg,zh_trad_kfc_stamp;number=164/S-P;name=Oshawott;visual_confirmed_kfc_logo,ok,https://pkmncards.com/wp-content/uploads/clefairy-ex-101-16-9-640.png,pkmncards,pkmncards_search:https://pkmncards.com/?s=Oshawott%20S-P%20164
pokemon|jp|24045|009/014|super_scoop_up,ja,24045,Giratina vs Dialga Deck Kit (Dialga),009/014,Super Scoop Up,True,pkmn.gg,https://cardscanr-images.andygore149.workers.dev/cards/ja/24045/24045-009-014/display.webp,https://assets.pkmn.gg/fit-in/600x836/filters:format(webp)/images/cards/dpgvdd_jp/dpgvdd_jp-009v733.png,pkmngg_set=https://www.pkmn.gg/jp/series/diamond-pearl/giratina-vs-dialga-deck-kit-dialga;id=dpgvdd_jp-009;name=Super Scoop Up;number=009;compat=name+collector,ok,https://assets.pkmn.gg/fit-in/600x836/filters:format(webp)/images/cards/dpgvdd_jp/dpgvdd_jp-009v733.png,pkmn.gg,matched Super Scoop Up #009
pokemon|jp|24045|010/014|double_full_heal,ja,24045,Giratina vs Dialga Deck Kit (Dialga),010/014,Double Full Heal,True,pkmn.gg,https://cardscanr-images.andygore149.workers.dev/cards/ja/24045/24045-010-014/display.webp,https://assets.pkmn.gg/fit-in/600x836/filters:format(webp)/images/cards/dpgvdd_jp/dpgvdd_jp-010v389.png,pkmngg_set=https://www.pkmn.gg/jp/series/diamond-pearl/giratina-vs-dialga-deck-kit-dialga;id=dpgvdd_jp-010;name=Double Full Heal;number=010;compat=name+collector,ok,https://assets.pkmn.gg/fit-in/600x836/filters:format(webp)/images/cards/dpgvdd_jp/dpgvdd_jp-010v389.png,pkmn.gg,matched Double Full Heal #010
pokemon|jp|24045|014/014|conductive_quarry,ja,24045,Giratina vs Dialga Deck Kit (Dialga),014/014,Conductive Quarry,True,pkmn.gg,https://cardscanr-images.andygore149.workers.dev/cards/ja/24045/24045-014-014/display.webp,https://assets.pkmn.gg/fit-in/600x836/filters:format(webp)/images/cards/dpgvdd_jp/dpgvdd_jp-014v586.png,pkmngg_set=https://www.pkmn.gg/jp/series/diamond-pearl/giratina-vs-dialga-deck-kit-dialga;id=dpgvdd_jp-014;name=Conductive Quarry;number=014;compat=name+collector,ok,https://assets.pkmn.gg/fit-in/600x836/filters:format(webp)/images/cards/dpgvdd_jp/dpgvdd_jp-014v586.png,pkmn.gg,matched Conductive Quarry #014
pokemon|jp|24046|009/014|energy_switch,ja,24046,Giratina vs Dialga Deck Kit (Giratina),009/014,Energy Switch,True,pkmn.gg,https://cardscanr-images.andygore149.workers.dev/cards/ja/24046/24046-009-014/display.webp,https://assets.pkmn.gg/fit-in/600x836/filters:format(webp)/images/cards/dpgvdg_jp/dpgvdg_jp-009v989.png,pkmngg_set=https://www.pkmn.gg/jp/series/diamond-pearl/giratina-vs-dialga-deck-kit-giratina;id=dpgvdg_jp-009;name=Energy Switch;number=009;compat=name+collector,ok,https://assets.pkmn.gg/fit-in/600x836/filters:format(webp)/images/cards/dpgvdg_jp/dpgvdg_jp-009v989.png,pkmn.gg,matched Energy Switch #009
pokemon|jp|24046|010/014|double_full_heal,ja,24046,Giratina vs Dialga Deck Kit (Giratina),010/014,Double Full Heal,True,pkmn.gg,https://cardscanr-images.andygore149.workers.dev/cards/ja/24046/24046-010-014/display.webp,https://assets.pkmn.gg/fit-in/600x836/filters:format(webp)/images/cards/dpgvdg_jp/dpgvdg_jp-010v883.png,pkmngg_set=https://www.pkmn.gg/jp/series/diamond-pearl/giratina-vs-dialga-deck-kit-giratina;id=dpgvdg_jp-010;name=Double Full Heal;number=010;compat=name+collector,ok,https://assets.pkmn.gg/fit-in/600x836/filters:format(webp)/images/cards/dpgvdg_jp/dpgvdg_jp-010v883.png,pkmn.gg,matched Double Full Heal #010
pokemon|jp|24046|013/014|moms_kindness,ja,24046,Giratina vs Dialga Deck Kit (Giratina),013/014,Moms Kindness,True,pkmn.gg,https://cardscanr-images.andygore149.workers.dev/cards/ja/24046/24046-013-014/display.webp,https://assets.pkmn.gg/fit-in/600x836/filters:format(webp)/images/cards/dpgvdg_jp/dpgvdg_jp-013v586.png,pkmngg_set=https://www.pkmn.gg/jp/series/diamond-pearl/giratina-vs-dialga-deck-kit-giratina;id=dpgvdg_jp-013;name=Moms Kindness;number=013;compat=name+collector,ok,https://assets.pkmn.gg/fit-in/600x836/filters:format(webp)/images/cards/dpgvdg_jp/dpgvdg_jp-013v586.png,pkmn.gg,matched Moms Kindness #013
pokemon|jp|24046|014/014|miasma_valley,ja,24046,Giratina vs Dialga Deck Kit (Giratina),014/014,Miasma Valley,True,pkmn.gg,https://cardscanr-images.andygore149.workers.dev/cards/ja/24046/24046-014-014/display.webp,https://assets.pkmn.gg/fit-in/600x836/filters:format(webp)/images/cards/dpgvdg_jp/dpgvdg_jp-014v331.png,pkmngg_set=https://www.pkmn.gg/jp/series/diamond-pearl/giratina-vs-dialga-deck-kit-giratina;id=dpgvdg_jp-014;name=Miasma Valley;number=014;compat=name+collector,ok,https://assets.pkmn.gg/fit-in/600x836/filters:format(webp)/images/cards/dpgvdg_jp/dpgvdg_jp-014v331.png,pkmn.gg,matched Miasma Valley #014
pokemon|jp|24082|009/016|energy_search,ja,24082,Earth's Groudon ex Constructed Starter Deck,009/016,Energy Search,True,pkmn.gg,https://cardscanr-images.andygore149.workers.dev/cards/ja/24082/24082-009-016/display.webp,https://assets.pkmn.gg/fit-in/600x836/filters:format(webp)/images/cards/pcgegexcsd_jp/pcgegexcsd_jp-009v382.png,pkmngg_set=https://www.pkmn.gg/jp/series/pcg/earths-groudon-ex-constructed-starter-deck;id=pcgegexcsd_jp-009;name=Energy Search;number=009;compat=name+collector,ok,https://assets.pkmn.gg/fit-in/600x836/filters:format(webp)/images/cards/pcgegexcsd_jp/pcgegexcsd_jp-009v382.png,pkmn.gg,matched Energy Search #009
pokemon|jp|24082|013/016|pokenav,ja,24082,Earth's Groudon ex Constructed Starter Deck,013/016,PokeNav,True,pkmn.gg,https://cardscanr-images.andygore149.workers.dev/cards/ja/24082/24082-013-016/display.webp,https://assets.pkmn.gg/fit-in/600x836/filters:format(webp)/images/cards/pcgegexcsd_jp/pcgegexcsd_jp-013v470.png,pkmngg_set=https://www.pkmn.gg/jp/series/pcg/earths-groudon-ex-constructed-starter-deck;id=pcgegexcsd_jp-013;name=PokeNav;number=013;compat=name+collector,ok,https://assets.pkmn.gg/fit-in/600x836/filters:format(webp)/images/cards/pcgegexcsd_jp/pcgegexcsd_jp-013v470.png,pkmn.gg,matched PokeNav #013
pokemon|jp|24082|014/016|celios_network,ja,24082,Earth's Groudon ex Constructed Starter Deck,014/016,Celios Network,True,pkmn.gg,https://cardscanr-images.andygore149.workers.dev/cards/ja/24082/24082-014-016/display.webp,https://assets.pkmn.gg/fit-in/600x836/filters:format(webp)/images/cards/pcgegexcsd_jp/pcgegexcsd_jp-014v206.png,pkmngg_set=https://www.pkmn.gg/jp/series/pcg/earths-groudon-ex-constructed-starter-deck;id=pcgegexcsd_jp-014;name=Celios Network;number=014;compat=name+collector,ok,https://assets.pkmn.gg/fit-in/600x836/filters:format(webp)/images/cards/pcgegexcsd_jp/pcgegexcsd_jp-014v206.png,pkmn.gg,matched Celios Network #014
pokemon|jp|24083|001/016|torchic,ja,24083,Ocean's Kyogre ex Constructed Starter Deck,001/016,Torchic,True,pkmn.gg,https://cardscanr-images.andygore149.workers.dev/cards/ja/24083/24083-001-016/display.webp,https://assets.pkmn.gg/fit-in/600x836/filters:format(webp)/images/cards/pcgokexcsd_jp/pcgokexcsd_jp-001v858.png,pkmngg_set=https://www.pkmn.gg/jp/series/pcg/oceans-kyogre-ex-constructed-starter-deck;id=pcgokexcsd_jp-001;name=Torchic;number=001;compat=name+collector,ok,https://assets.pkmn.gg/fit-in/600x836/filters:format(webp)/images/cards/pcgokexcsd_jp/pcgokexcsd_jp-001v858.png,pkmn.gg,matched Torchic #001
pokemon|jp|24083|003/016|squirtle,ja,24083,Ocean's Kyogre ex Constructed Starter Deck,003/016,Squirtle,True,pkmn.gg,https://cardscanr-images.andygore149.workers.dev/cards/ja/24083/24083-003-016/display.webp,https://assets.pkmn.gg/fit-in/600x836/filters:format(webp)/images/cards/pcgokexcsd_jp/pcgokexcsd_jp-003v488.png,pkmngg_set=https://www.pkmn.gg/jp/series/pcg/oceans-kyogre-ex-constructed-starter-deck;id=pcgokexcsd_jp-003;name=Squirtle;number=003;compat=name+collector,ok,https://assets.pkmn.gg/fit-in/600x836/filters:format(webp)/images/cards/pcgokexcsd_jp/pcgokexcsd_jp-003v488.png,pkmn.gg,matched Squirtle #003
pokemon|jp|24083|007/016|treecko_delta_species,ja,24083,Ocean's Kyogre ex Constructed Starter Deck,007/016,Treecko Delta Species,True,pkmn.gg,https://cardscanr-images.andygore149.workers.dev/cards/ja/24083/24083-007-016/display.webp,https://assets.pkmn.gg/fit-in/600x836/filters:format(webp)/images/cards/pcgokexcsd_jp/pcgokexcsd_jp-007v184.png,pkmngg_set=https://www.pkmn.gg/jp/series/pcg/oceans-kyogre-ex-constructed-starter-deck;id=pcgokexcsd_jp-007;name=Treecko;number=007;compat=name+collector,ok,https://assets.pkmn.gg/fit-in/600x836/filters:format(webp)/images/cards/pcgokexcsd_jp/pcgokexcsd_jp-007v184.png,pkmn.gg,matched Treecko #007
pokemon|jp|24083|008/016|grovyle_delta_species,ja,24083,Ocean's Kyogre ex Constructed Starter Deck,008/016,Grovyle Delta Species,True,pkmn.gg,https://cardscanr-images.andygore149.workers.dev/cards/ja/24083/24083-008-016/display.webp,https://assets.pkmn.gg/fit-in/600x836/filters:format(webp)/images/cards/pcgokexcsd_jp/pcgokexcsd_jp-008v656.png,pkmngg_set=https://www.pkmn.gg/jp/series/pcg/oceans-kyogre-ex-constructed-starter-deck;id=pcgokexcsd_jp-008;name=Grovyle;number=008;compat=name+collector,ok,https://assets.pkmn.gg/fit-in/600x836/filters:format(webp)/images/cards/pcgokexcsd_jp/pcgokexcsd_jp-008v656.png,pkmn.gg,matched Grovyle #008
pokemon|jp|24083|011/016|pokenav,ja,24083,Ocean's Kyogre ex Constructed Starter Deck,011/016,PokeNav,True,pkmn.gg,https://cardscanr-images.andygore149.workers.dev/cards/ja/24083/24083-011-016/display.webp,https://assets.pkmn.gg/fit-in/600x836/filters:format(webp)/images/cards/pcgokexcsd_jp/pcgokexcsd_jp-011v439.png,pkmngg_set=https://www.pkmn.gg/jp/series/pcg/oceans-kyogre-ex-constructed-starter-deck;id=pcgokexcsd_jp-011;name=PokeNav;number=011;compat=name+collector,ok,https://assets.pkmn.gg/fit-in/600x836/filters:format(webp)/images/cards/pcgokexcsd_jp/pcgokexcsd_jp-011v439.png,pkmn.gg,matched PokeNav #011
pokemon|jp|24083|012/016|poke_ball,ja,24083,Ocean's Kyogre ex Constructed Starter Deck,012/016,Poke Ball,True,pkmn.gg,https://cardscanr-images.andygore149.workers.dev/cards/ja/24083/24083-012-016/display.webp,https://assets.pkmn.gg/fit-in/600x836/filters:format(webp)/images/cards/pcgokexcsd_jp/pcgokexcsd_jp-012v130.png,pkmngg_set=https://www.pkmn.gg/jp/series/pcg/oceans-kyogre-ex-constructed-starter-deck;id=pcgokexcsd_jp-012;name=Poke Ball;number=012;compat=name+collector,ok,https://assets.pkmn.gg/fit-in/600x836/filters:format(webp)/images/cards/pcgokexcsd_jp/pcgokexcsd_jp-012v130.png,pkmn.gg,matched Poke Ball #012
pokemon|jp|24083|014/016|celios_network,ja,24083,Ocean's Kyogre ex Constructed Starter Deck,014/016,Celios Network,True,pkmn.gg,https://cardscanr-images.andygore149.workers.dev/cards/ja/24083/24083-014-016/display.webp,https://assets.pkmn.gg/fit-in/600x836/filters:format(webp)/images/cards/pcgokexcsd_jp/pcgokexcsd_jp-014v998.png,pkmngg_set=https://www.pkmn.gg/jp/series/pcg/oceans-kyogre-ex-constructed-starter-deck;id=pcgokexcsd_jp-014;name=Celios Network;number=014;compat=name+collector,ok,https://assets.pkmn.gg/fit-in/600x836/filters:format(webp)/images/cards/pcgokexcsd_jp/pcgokexcsd_jp-014v998.png,pkmn.gg,matched Celios Network #014
pokemon|jp|24083|015/016|bills_maintenance,ja,24083,Ocean's Kyogre ex Constructed Starter Deck,015/016,Bills Maintenance,True,pkmn.gg,https://cardscanr-images.andygore149.workers.dev/cards/ja/24083/24083-015-016/display.webp,https://assets.pkmn.gg/fit-in/600x836/filters:format(webp)/images/cards/pcgokexcsd_jp/pcgokexcsd_jp-015v197.png,pkmngg_set=https://www.pkmn.gg/jp/series/pcg/oceans-kyogre-ex-constructed-starter-deck;id=pcgokexcsd_jp-015;name=Bills Maintenance;number=015;compat=name+collector,ok,https://assets.pkmn.gg/fit-in/600x836/filters:format(webp)/images/cards/pcgokexcsd_jp/pcgokexcsd_jp-015v197.png,pkmn.gg,matched Bills Maintenance #015
pokemon|jp|24083|016/016|multi_energy,ja,24083,Ocean's Kyogre ex Constructed Starter Deck,016/016,Multi Energy,True,pkmn.gg,https://cardscanr-images.andygore149.workers.dev/cards/ja/24083/24083-016-016/display.webp,https://assets.pkmn.gg/fit-in/600x836/filters:format(webp)/images/cards/pcgokexcsd_jp/pcgokexcsd_jp-016v482.png,pkmngg_set=https://www.pkmn.gg/jp/series/pcg/oceans-kyogre-ex-constructed-starter-deck;id=pcgokexcsd_jp-016;name=Multi Energy;number=016;compat=name+collector,ok,https://assets.pkmn.gg/fit-in/600x836/filters:format(webp)/images/cards/pcgokexcsd_jp/pcgokexcsd_jp-016v482.png,pkmn.gg,matched Multi Energy #016
pokemon|jp|24086|001/015|ponyta,ja,24086,Holon Research Tower Fire Quarter Deck,001/015,Ponyta,True,pkmn.gg,https://cardscanr-images.andygore149.workers.dev/cards/ja/24086/24086-001-015/display.webp,https://assets.pkmn.gg/fit-in/600x836/filters:format(webp)/images/cards/pcghrtfqd_jp/pcghrtfqd_jp-001v579.png,pkmngg_set=https://www.pkmn.gg/jp/series/pcg/holon-research-tower-fire-quarter-deck;id=pcghrtfqd_jp-001;name=Ponyta;number=001;compat=name+collector,ok,https://assets.pkmn.gg/fit-in/600x836/filters:format(webp)/images/cards/pcghrtfqd_jp/pcghrtfqd_jp-001v579.png,pkmn.gg,matched Ponyta #001
pokemon|jp|24086|002/015|rapidash,ja,24086,Holon Research Tower Fire Quarter Deck,002/015,Rapidash,True,pkmn.gg,https://cardscanr-images.andygore149.workers.dev/cards/ja/24086/24086-002-015/display.webp,https://assets.pkmn.gg/fit-in/600x836/filters:format(webp)/images/cards/pcghrtfqd_jp/pcghrtfqd_jp-002v704.png,pkmngg_set=https://www.pkmn.gg/jp/series/pcg/holon-research-tower-fire-quarter-deck;id=pcghrtfqd_jp-002;name=Rapidash;number=002;compat=name+collector,ok,https://assets.pkmn.gg/fit-in/600x836/filters:format(webp)/images/cards/pcghrtfqd_jp/pcghrtfqd_jp-002v704.png,pkmn.gg,matched Rapidash #002
pokemon|jp|24086|004/015|flareon_ex,ja,24086,Holon Research Tower Fire Quarter Deck,004/015,Flareon ex,True,pkmn.gg,https://cardscanr-images.andygore149.workers.dev/cards/ja/24086/24086-004-015/display.webp,https://assets.pkmn.gg/fit-in/600x836/filters:format(webp)/images/cards/pcghrtfqd_jp/pcghrtfqd_jp-004v378.png,pkmngg_set=https://www.pkmn.gg/jp/series/pcg/holon-research-tower-fire-quarter-deck;id=pcghrtfqd_jp-004;name=Flareon ex;number=004;compat=name+collector,ok,https://assets.pkmn.gg/fit-in/600x836/filters:format(webp)/images/cards/pcghrtfqd_jp/pcghrtfqd_jp-004v378.png,pkmn.gg,matched Flareon ex #004
pokemon|jp|24086|005/015|bagon_delta_species,ja,24086,Holon Research Tower Fire Quarter Deck,005/015,Bagon Delta Species,True,pkmn.gg,https://cardscanr-images.andygore149.workers.dev/cards/ja/24086/24086-005-015/display.webp,https://assets.pkmn.gg/fit-in/600x836/filters:format(webp)/images/cards/pcghrtfqd_jp/pcghrtfqd_jp-005v826.png,pkmngg_set=https://www.pkmn.gg/jp/series/pcg/holon-research-tower-fire-quarter-deck;id=pcghrtfqd_jp-005;name=Bagon δ;number=005;compat=name+collector,ok,https://assets.pkmn.gg/fit-in/600x836/filters:format(webp)/images/cards/pcghrtfqd_jp/pcghrtfqd_jp-005v826.png,pkmn.gg,matched Bagon δ #005
pokemon|jp|24086|006/015|shelgon_delta_species,ja,24086,Holon Research Tower Fire Quarter Deck,006/015,Shelgon Delta Species,True,pkmn.gg,https://cardscanr-images.andygore149.workers.dev/cards/ja/24086/24086-006-015/display.webp,https://assets.pkmn.gg/fit-in/600x836/filters:format(webp)/images/cards/pcghrtfqd_jp/pcghrtfqd_jp-006v434.png,pkmngg_set=https://www.pkmn.gg/jp/series/pcg/holon-research-tower-fire-quarter-deck;id=pcghrtfqd_jp-006;name=Shelgon δ;number=006;compat=name+collector,ok,https://assets.pkmn.gg/fit-in/600x836/filters:format(webp)/images/cards/pcghrtfqd_jp/pcghrtfqd_jp-006v434.png,pkmn.gg,matched Shelgon δ #006
pokemon|jp|24086|008/015|dual_ball,ja,24086,Holon Research Tower Fire Quarter Deck,008/015,Dual Ball,True,pkmn.gg,https://cardscanr-images.andygore149.workers.dev/cards/ja/24086/24086-008-015/display.webp,https://assets.pkmn.gg/fit-in/600x836/filters:format(webp)/images/cards/pcghrtfqd_jp/pcghrtfqd_jp-008v535.png,pkmngg_set=https://www.pkmn.gg/jp/series/pcg/holon-research-tower-fire-quarter-deck;id=pcghrtfqd_jp-008;name=Dual Ball;number=008;compat=name+collector,ok,https://assets.pkmn.gg/fit-in/600x836/filters:format(webp)/images/cards/pcghrtfqd_jp/pcghrtfqd_jp-008v535.png,pkmn.gg,matched Dual Ball #008
pokemon|jp|24086|009/015|switch,ja,24086,Holon Research Tower Fire Quarter Deck,009/015,Switch,True,pkmn.gg,https://cardscanr-images.andygore149.workers.dev/cards/ja/24086/24086-009-015/display.webp,https://assets.pkmn.gg/fit-in/600x836/filters:format(webp)/images/cards/pcghrtfqd_jp/pcghrtfqd_jp-009v821.png,pkmngg_set=https://www.pkmn.gg/jp/series/pcg/holon-research-tower-fire-quarter-deck;id=pcghrtfqd_jp-009;name=Switch;number=009;compat=name+collector,ok,https://assets.pkmn.gg/fit-in/600x836/filters:format(webp)/images/cards/pcghrtfqd_jp/pcghrtfqd_jp-009v821.png,pkmn.gg,matched Switch #009
pokemon|jp|24086|013/015|basic_fire_energy_013_015,ja,24086,Holon Research Tower Fire Quarter Deck,013/015,Basic Fire Energy 013 015,True,pkmn.gg,https://cardscanr-images.andygore149.workers.dev/cards/ja/24086/24086-013-015/display.webp,https://assets.pkmn.gg/fit-in/600x836/filters:format(webp)/images/cards/pcghrtfqd_jp/pcghrtfqd_jp-013v473.png,pkmngg_set=https://www.pkmn.gg/jp/series/pcg/holon-research-tower-fire-quarter-deck;id=pcghrtfqd_jp-013;name=Basic Fire Energy;number=013;compat=name+collector,ok,https://assets.pkmn.gg/fit-in/600x836/filters:format(webp)/images/cards/pcghrtfqd_jp/pcghrtfqd_jp-013v473.png,pkmn.gg,matched Basic Fire Energy #013
pokemon|jp|24087|001/015|magnemite,ja,24087,Holon Research Tower Lightning Quarter Deck,001/015,Magnemite,True,pkmn.gg,https://cardscanr-images.andygore149.workers.dev/cards/ja/24087/24087-001-015/display.webp,https://assets.pkmn.gg/fit-in/600x836/filters:format(webp)/images/cards/pcghrtlqd_jp/pcghrtlqd_jp-001v155.png,pkmngg_set=https://www.pkmn.gg/jp/series/pcg/holon-research-tower-lightning-quarter-deck;id=pcghrtlqd_jp-001;name=Magnemite;number=001;compat=name+collector,ok,https://assets.pkmn.gg/fit-in/600x836/filters:format(webp)/images/cards/pcghrtlqd_jp/pcghrtlqd_jp-001v155.png,pkmn.gg,matched Magnemite #001
pokemon|jp|24087|005/015|dratini_delta_species,ja,24087,Holon Research Tower Lightning Quarter Deck,005/015,Dratini Delta Species,True,pkmn.gg,https://cardscanr-images.andygore149.workers.dev/cards/ja/24087/24087-005-015/display.webp,https://assets.pkmn.gg/fit-in/600x836/filters:format(webp)/images/cards/pcghrtlqd_jp/pcghrtlqd_jp-005v441.png,pkmngg_set=https://www.pkmn.gg/jp/series/pcg/holon-research-tower-lightning-quarter-deck;id=pcghrtlqd_jp-005;name=Dratini δ;number=005;compat=name+collector,ok,https://assets.pkmn.gg/fit-in/600x836/filters:format(webp)/images/cards/pcghrtlqd_jp/pcghrtlqd_jp-005v441.png,pkmn.gg,matched Dratini δ #005
pokemon|jp|24087|006/015|dragonair_delta_species,ja,24087,Holon Research Tower Lightning Quarter Deck,006/015,Dragonair Delta Species,True,pkmn.gg,https://cardscanr-images.andygore149.workers.dev/cards/ja/24087/24087-006-015/display.webp,https://assets.pkmn.gg/fit-in/600x836/filters:format(webp)/images/cards/pcghrtlqd_jp/pcghrtlqd_jp-006v466.png,pkmngg_set=https://www.pkmn.gg/jp/series/pcg/holon-research-tower-lightning-quarter-deck;id=pcghrtlqd_jp-006;name=Dragonair δ;number=006;compat=name+collector,ok,https://assets.pkmn.gg/fit-in/600x836/filters:format(webp)/images/cards/pcghrtlqd_jp/pcghrtlqd_jp-006v466.png,pkmn.gg,matched Dragonair δ #006
pokemon|jp|24087|007/015|eevee,ja,24087,Holon Research Tower Lightning Quarter Deck,007/015,Eevee,True,pkmn.gg,https://cardscanr-images.andygore149.workers.dev/cards/ja/24087/24087-007-015/display.webp,https://assets.pkmn.gg/fit-in/600x836/filters:format(webp)/images/cards/pcghrtlqd_jp/pcghrtlqd_jp-007v719.png,pkmngg_set=https://www.pkmn.gg/jp/series/pcg/holon-research-tower-lightning-quarter-deck;id=pcghrtlqd_jp-007;name=Eevee;number=007;compat=name+collector,ok,https://assets.pkmn.gg/fit-in/600x836/filters:format(webp)/images/cards/pcghrtlqd_jp/pcghrtlqd_jp-007v719.png,pkmn.gg,matched Eevee #007
pokemon|jp|24087|009/015|super_scoop_up,ja,24087,Holon Research Tower Lightning Quarter Deck,009/015,Super Scoop Up,True,pkmn.gg,https://cardscanr-images.andygore149.workers.dev/cards/ja/24087/24087-009-015/display.webp,https://assets.pkmn.gg/fit-in/600x836/filters:format(webp)/images/cards/pcghrtlqd_jp/pcghrtlqd_jp-009v622.png,pkmngg_set=https://www.pkmn.gg/jp/series/pcg/holon-research-tower-lightning-quarter-deck;id=pcghrtlqd_jp-009;name=Super Scoop Up;number=009;compat=name+collector,ok,https://assets.pkmn.gg/fit-in/600x836/filters:format(webp)/images/cards/pcghrtlqd_jp/pcghrtlqd_jp-009v622.png,pkmn.gg,matched Super Scoop Up #009
pokemon|jp|24087|010/015|holon_scientist,ja,24087,Holon Research Tower Lightning Quarter Deck,010/015,Holon Scientist,True,pkmn.gg,https://cardscanr-images.andygore149.workers.dev/cards/ja/24087/24087-010-015/display.webp,https://assets.pkmn.gg/fit-in/600x836/filters:format(webp)/images/cards/pcghrtlqd_jp/pcghrtlqd_jp-010v557.png,pkmngg_set=https://www.pkmn.gg/jp/series/pcg/holon-research-tower-lightning-quarter-deck;id=pcghrtlqd_jp-010;name=Holon Scientist;number=010;compat=name+collector,ok,https://assets.pkmn.gg/fit-in/600x836/filters:format(webp)/images/cards/pcghrtlqd_jp/pcghrtlqd_jp-010v557.png,pkmn.gg,matched Holon Scientist #010
pokemon|jp|24087|013/015|basic_lightning_energy_013_015,ja,24087,Holon Research Tower Lightning Quarter Deck,013/015,Basic Lightning Energy 013 015,True,pkmn.gg,https://cardscanr-images.andygore149.workers.dev/cards/ja/24087/24087-013-015/display.webp,https://assets.pkmn.gg/fit-in/600x836/filters:format(webp)/images/cards/pcghrtlqd_jp/pcghrtlqd_jp-013v983.png,pkmngg_set=https://www.pkmn.gg/jp/series/pcg/holon-research-tower-lightning-quarter-deck;id=pcghrtlqd_jp-013;name=Basic Lightning Energy;number=013;compat=name+collector,ok,https://assets.pkmn.gg/fit-in/600x836/filters:format(webp)/images/cards/pcghrtlqd_jp/pcghrtlqd_jp-013v983.png,pkmn.gg,matched Basic Lightning Energy #013
pokemon|jp|24088|001/015|staryu,ja,24088,Holon Research Tower Water Quarter Deck,001/015,Staryu,True,pkmn.gg,https://cardscanr-images.andygore149.workers.dev/cards/ja/24088/24088-001-015/display.webp,https://assets.pkmn.gg/fit-in/600x836/filters:format(webp)/images/cards/pcghrtwqd_jp/pcghrtwqd_jp-001v338.png,pkmngg_set=https://www.pkmn.gg/jp/series/pcg/holon-research-tower-water-quarter-deck;id=pcghrtwqd_jp-001;name=Staryu;number=001;compat=name+collector,ok,https://assets.pkmn.gg/fit-in/600x836/filters:format(webp)/images/cards/pcghrtwqd_jp/pcghrtwqd_jp-001v338.png,pkmn.gg,matched Staryu #001
pokemon|jp|24088|002/015|ditto,ja,24088,Holon Research Tower Water Quarter Deck,002/015,Ditto,True,pkmn.gg,https://cardscanr-images.andygore149.workers.dev/cards/ja/24088/24088-002-015/display.webp,https://assets.pkmn.gg/fit-in/600x836/filters:format(webp)/images/cards/pcghrtwqd_jp/pcghrtwqd_jp-002v799.png,pkmngg_set=https://www.pkmn.gg/jp/series/pcg/holon-research-tower-water-quarter-deck;id=pcghrtwqd_jp-002;name=Ditto;number=002;compat=name+collector,ok,https://assets.pkmn.gg/fit-in/600x836/filters:format(webp)/images/cards/pcghrtwqd_jp/pcghrtwqd_jp-002v799.png,pkmn.gg,matched Ditto #002
pokemon|jp|24088|003/015|vaporeon_ex,ja,24088,Holon Research Tower Water Quarter Deck,003/015,Vaporeon ex,True,pkmn.gg,https://cardscanr-images.andygore149.workers.dev/cards/ja/24088/24088-003-015/display.webp,https://assets.pkmn.gg/fit-in/600x836/filters:format(webp)/images/cards/pcghrtwqd_jp/pcghrtwqd_jp-003v158.png,pkmngg_set=https://www.pkmn.gg/jp/series/pcg/holon-research-tower-water-quarter-deck;id=pcghrtwqd_jp-003;name=Vaporeon ex;number=003;compat=name+collector,ok,https://assets.pkmn.gg/fit-in/600x836/filters:format(webp)/images/cards/pcghrtwqd_jp/pcghrtwqd_jp-003v158.png,pkmn.gg,matched Vaporeon ex #003
pokemon|jp|24088|006/015|azumarill_delta_species,ja,24088,Holon Research Tower Water Quarter Deck,006/015,Azumarill Delta Species,True,pkmn.gg,https://cardscanr-images.andygore149.workers.dev/cards/ja/24088/24088-006-015/display.webp,https://assets.pkmn.gg/fit-in/600x836/filters:format(webp)/images/cards/pcghrtwqd_jp/pcghrtwqd_jp-006v927.png,pkmngg_set=https://www.pkmn.gg/jp/series/pcg/holon-research-tower-water-quarter-deck;id=pcghrtwqd_jp-006;name=Azumarill δ;number=006;compat=name+collector,ok,https://assets.pkmn.gg/fit-in/600x836/filters:format(webp)/images/cards/pcghrtwqd_jp/pcghrtwqd_jp-006v927.png,pkmn.gg,matched Azumarill δ #006
pokemon|jp|24088|008/015|potion,ja,24088,Holon Research Tower Water Quarter Deck,008/015,Potion,True,pkmn.gg,https://cardscanr-images.andygore149.workers.dev/cards/ja/24088/24088-008-015/display.webp,https://assets.pkmn.gg/fit-in/600x836/filters:format(webp)/images/cards/pcghrtwqd_jp/pcghrtwqd_jp-008v432.png,pkmngg_set=https://www.pkmn.gg/jp/series/pcg/holon-research-tower-water-quarter-deck;id=pcghrtwqd_jp-008;name=Potion;number=008;compat=name+collector,ok,https://assets.pkmn.gg/fit-in/600x836/filters:format(webp)/images/cards/pcghrtwqd_jp/pcghrtwqd_jp-008v432.png,pkmn.gg,matched Potion #008
pokemon|jp|24088|010/015|holon_scientist,ja,24088,Holon Research Tower Water Quarter Deck,010/015,Holon Scientist,True,pkmn.gg,https://cardscanr-images.andygore149.workers.dev/cards/ja/24088/24088-010-015/display.webp,https://assets.pkmn.gg/fit-in/600x836/filters:format(webp)/images/cards/pcghrtwqd_jp/pcghrtwqd_jp-010v501.png,pkmngg_set=https://www.pkmn.gg/jp/series/pcg/holon-research-tower-water-quarter-deck;id=pcghrtwqd_jp-010;name=Holon Scientist;number=010;compat=name+collector,ok,https://assets.pkmn.gg/fit-in/600x836/filters:format(webp)/images/cards/pcghrtwqd_jp/pcghrtwqd_jp-010v501.png,pkmn.gg,matched Holon Scientist #010
pokemon|jp|24088|015/015|holon_energy_wp,ja,24088,Holon Research Tower Water Quarter Deck,015/015,Holon Energy WP,True,pkmn.gg,https://cardscanr-images.andygore149.workers.dev/cards/ja/24088/24088-015-015/display.webp,https://assets.pkmn.gg/fit-in/600x836/filters:format(webp)/images/cards/pcghrtwqd_jp/pcghrtwqd_jp-015v599.png,pkmngg_set=https://www.pkmn.gg/jp/series/pcg/holon-research-tower-water-quarter-deck;id=pcghrtwqd_jp-015;name=Holon Energy WP;number=015;compat=name+collector,ok,https://assets.pkmn.gg/fit-in/600x836/filters:format(webp)/images/cards/pcghrtwqd_jp/pcghrtwqd_jp-015v599.png,pkmn.gg,matched Holon Energy WP #015
pokemon|jp|24091|001/024|jynx_delta_species,ja,24091,"Imprison, Gardevoir ex Constructed Standard Deck",001/024,Jynx Delta Species,True,pkmn.gg,https://cardscanr-images.andygore149.workers.dev/cards/ja/24091/24091-001-024/display.webp,https://assets.pkmn.gg/fit-in/600x836/filters:format(webp)/images/cards/pcgigexcsd_jp/pcgigexcsd_jp-001v705.png,pkmngg_set=https://www.pkmn.gg/jp/series/pcg/imprison-gardevoir-ex-constructed-standard-deck;id=pcgigexcsd_jp-001;name=Jynx;number=001;compat=name+collector,ok,https://assets.pkmn.gg/fit-in/600x836/filters:format(webp)/images/cards/pcgigexcsd_jp/pcgigexcsd_jp-001v705.png,pkmn.gg,matched Jynx #001
pokemon|jp|24091|002/024|smoochum_delta_species,ja,24091,"Imprison, Gardevoir ex Constructed Standard Deck",002/024,Smoochum Delta Species,True,pkmn.gg,https://cardscanr-images.andygore149.workers.dev/cards/ja/24091/24091-002-024/display.webp,https://assets.pkmn.gg/fit-in/600x836/filters:format(webp)/images/cards/pcgigexcsd_jp/pcgigexcsd_jp-002v234.png,pkmngg_set=https://www.pkmn.gg/jp/series/pcg/imprison-gardevoir-ex-constructed-standard-deck;id=pcgigexcsd_jp-002;name=Smoochum Delta Species;number=002;compat=name+collector,ok,https://assets.pkmn.gg/fit-in/600x836/filters:format(webp)/images/cards/pcgigexcsd_jp/pcgigexcsd_jp-002v234.png,pkmn.gg,matched Smoochum Delta Species #002
pokemon|jp|24091|003/024|ralts_delta_species,ja,24091,"Imprison, Gardevoir ex Constructed Standard Deck",003/024,Ralts Delta Species,True,pkmn.gg,https://cardscanr-images.andygore149.workers.dev/cards/ja/24091/24091-003-024/display.webp,https://assets.pkmn.gg/fit-in/600x836/filters:format(webp)/images/cards/pcgigexcsd_jp/pcgigexcsd_jp-003v265.png,pkmngg_set=https://www.pkmn.gg/jp/series/pcg/imprison-gardevoir-ex-constructed-standard-deck;id=pcgigexcsd_jp-003;name=Ralts;number=003;compat=name+collector,ok,https://assets.pkmn.gg/fit-in/600x836/filters:format(webp)/images/cards/pcgigexcsd_jp/pcgigexcsd_jp-003v265.png,pkmn.gg,matched Ralts #003
pokemon|jp|24091|004/024|kirlia_delta_species,ja,24091,"Imprison, Gardevoir ex Constructed Standard Deck",004/024,Kirlia Delta Species,True,pkmn.gg,https://cardscanr-images.andygore149.workers.dev/cards/ja/24091/24091-004-024/display.webp,https://assets.pkmn.gg/fit-in/600x836/filters:format(webp)/images/cards/pcgigexcsd_jp/pcgigexcsd_jp-004v431.png,pkmngg_set=https://www.pkmn.gg/jp/series/pcg/imprison-gardevoir-ex-constructed-standard-deck;id=pcgigexcsd_jp-004;name=Kirlia δ;number=004;compat=name+collector,ok,https://assets.pkmn.gg/fit-in/600x836/filters:format(webp)/images/cards/pcgigexcsd_jp/pcgigexcsd_jp-004v431.png,pkmn.gg,matched Kirlia δ #004
pokemon|jp|24091|005/024|gardevoir_ex_delta_species,ja,24091,"Imprison, Gardevoir ex Constructed Standard Deck",005/024,Gardevoir ex Delta Species,True,pkmn.gg,https://cardscanr-images.andygore149.workers.dev/cards/ja/24091/24091-005-024/display.webp,https://assets.pkmn.gg/fit-in/600x836/filters:format(webp)/images/cards/pcgigexcsd_jp/pcgigexcsd_jp-005v758.png,pkmngg_set=https://www.pkmn.gg/jp/series/pcg/imprison-gardevoir-ex-constructed-standard-deck;id=pcgigexcsd_jp-005;name=Gardevoir ex;number=005;compat=name+collector,ok,https://assets.pkmn.gg/fit-in/600x836/filters:format(webp)/images/cards/pcgigexcsd_jp/pcgigexcsd_jp-005v758.png,pkmn.gg,matched Gardevoir ex #005
pokemon|jp|24091|006/024|smeargle_delta_species,ja,24091,"Imprison, Gardevoir ex Constructed Standard Deck",006/024,Smeargle Delta Species,True,pkmn.gg,https://cardscanr-images.andygore149.workers.dev/cards/ja/24091/24091-006-024/display.webp,https://assets.pkmn.gg/fit-in/600x836/filters:format(webp)/images/cards/pcgigexcsd_jp/pcgigexcsd_jp-006v605.png,pkmngg_set=https://www.pkmn.gg/jp/series/pcg/imprison-gardevoir-ex-constructed-standard-deck;id=pcgigexcsd_jp-006;name=Smeargle;number=006;compat=name+collector,ok,https://assets.pkmn.gg/fit-in/600x836/filters:format(webp)/images/cards/pcgigexcsd_jp/pcgigexcsd_jp-006v605.png,pkmn.gg,matched Smeargle #006
pokemon|jp|24091|007/024|ralts,ja,24091,"Imprison, Gardevoir ex Constructed Standard Deck",007/024,Ralts,True,pkmn.gg,https://cardscanr-images.andygore149.workers.dev/cards/ja/24091/24091-007-024/display.webp,https://assets.pkmn.gg/fit-in/600x836/filters:format(webp)/images/cards/pcgigexcsd_jp/pcgigexcsd_jp-007v928.png,pkmngg_set=https://www.pkmn.gg/jp/series/pcg/imprison-gardevoir-ex-constructed-standard-deck;id=pcgigexcsd_jp-007;name=Ralts;number=007;compat=name+collector,ok,https://assets.pkmn.gg/fit-in/600x836/filters:format(webp)/images/cards/pcgigexcsd_jp/pcgigexcsd_jp-007v928.png,pkmn.gg,matched Ralts #007
pokemon|jp|24091|009/024|trapinch_delta_species,ja,24091,"Imprison, Gardevoir ex Constructed Standard Deck",009/024,Trapinch Delta Species,True,pkmn.gg,https://cardscanr-images.andygore149.workers.dev/cards/ja/24091/24091-009-024/display.webp,https://assets.pkmn.gg/fit-in/600x836/filters:format(webp)/images/cards/pcgigexcsd_jp/pcgigexcsd_jp-009v274.png,pkmngg_set=https://www.pkmn.gg/jp/series/pcg/imprison-gardevoir-ex-constructed-standard-deck;id=pcgigexcsd_jp-009;name=Trapinch;number=009;compat=name+collector,ok,https://assets.pkmn.gg/fit-in/600x836/filters:format(webp)/images/cards/pcgigexcsd_jp/pcgigexcsd_jp-009v274.png,pkmn.gg,matched Trapinch #009
pokemon|jp|24091|010/024|vibrava_delta_species,ja,24091,"Imprison, Gardevoir ex Constructed Standard Deck",010/024,Vibrava Delta Species,True,pkmn.gg,https://cardscanr-images.andygore149.workers.dev/cards/ja/24091/24091-010-024/display.webp,https://assets.pkmn.gg/fit-in/600x836/filters:format(webp)/images/cards/pcgigexcsd_jp/pcgigexcsd_jp-010v346.png,pkmngg_set=https://www.pkmn.gg/jp/series/pcg/imprison-gardevoir-ex-constructed-standard-deck;id=pcgigexcsd_jp-010;name=Vibrava;number=010;compat=name+collector,ok,https://assets.pkmn.gg/fit-in/600x836/filters:format(webp)/images/cards/pcgigexcsd_jp/pcgigexcsd_jp-010v346.png,pkmn.gg,matched Vibrava #010
pokemon|jp|24091|012/024|dual_ball,ja,24091,"Imprison, Gardevoir ex Constructed Standard Deck",012/024,Dual Ball,True,pkmn.gg,https://cardscanr-images.andygore149.workers.dev/cards/ja/24091/24091-012-024/display.webp,https://assets.pkmn.gg/fit-in/600x836/filters:format(webp)/images/cards/pcgigexcsd_jp/pcgigexcsd_jp-012v429.png,pkmngg_set=https://www.pkmn.gg/jp/series/pcg/imprison-gardevoir-ex-constructed-standard-deck;id=pcgigexcsd_jp-012;name=Dual Ball;number=012;compat=name+collector,ok,https://assets.pkmn.gg/fit-in/600x836/filters:format(webp)/images/cards/pcgigexcsd_jp/pcgigexcsd_jp-012v429.png,pkmn.gg,matched Dual Ball #012
pokemon|jp|24091|013/024|old_rod,ja,24091,"Imprison, Gardevoir ex Constructed Standard Deck",013/024,Old Rod,True,pkmn.gg,https://cardscanr-images.andygore149.workers.dev/cards/ja/24091/24091-013-024/display.webp,https://assets.pkmn.gg/fit-in/600x836/filters:format(webp)/images/cards/pcgigexcsd_jp/pcgigexcsd_jp-013v973.png,pkmngg_set=https://www.pkmn.gg/jp/series/pcg/imprison-gardevoir-ex-constructed-standard-deck;id=pcgigexcsd_jp-013;name=Old Rod;number=013;compat=name+collector,ok,https://assets.pkmn.gg/fit-in/600x836/filters:format(webp)/images/cards/pcgigexcsd_jp/pcgigexcsd_jp-013v973.png,pkmn.gg,matched Old Rod #013
pokemon|jp|24091|018/024|island_hermit,ja,24091,"Imprison, Gardevoir ex Constructed Standard Deck",018/024,Island Hermit,True,pkmn.gg,https://cardscanr-images.andygore149.workers.dev/cards/ja/24091/24091-018-024/display.webp,https://assets.pkmn.gg/fit-in/600x836/filters:format(webp)/images/cards/pcgigexcsd_jp/pcgigexcsd_jp-018v109.png,pkmngg_set=https://www.pkmn.gg/jp/series/pcg/imprison-gardevoir-ex-constructed-standard-deck;id=pcgigexcsd_jp-018;name=Island Hermit;number=018;compat=name+collector,ok,https://assets.pkmn.gg/fit-in/600x836/filters:format(webp)/images/cards/pcgigexcsd_jp/pcgigexcsd_jp-018v109.png,pkmn.gg,matched Island Hermit #018
pokemon|jp|24091|020/024|celios_network,ja,24091,"Imprison, Gardevoir ex Constructed Standard Deck",020/024,Celios Network,True,pkmn.gg,https://cardscanr-images.andygore149.workers.dev/cards/ja/24091/24091-020-024/display.webp,https://assets.pkmn.gg/fit-in/600x836/filters:format(webp)/images/cards/pcgigexcsd_jp/pcgigexcsd_jp-020v441.png,pkmngg_set=https://www.pkmn.gg/jp/series/pcg/imprison-gardevoir-ex-constructed-standard-deck;id=pcgigexcsd_jp-020;name=Celios Network;number=020;compat=name+collector,ok,https://assets.pkmn.gg/fit-in/600x836/filters:format(webp)/images/cards/pcgigexcsd_jp/pcgigexcsd_jp-020v441.png,pkmn.gg,matched Celios Network #020
pokemon|jp|24091|023/024|buffer_piece,ja,24091,"Imprison, Gardevoir ex Constructed Standard Deck",023/024,Buffer Piece,True,pkmn.gg,https://cardscanr-images.andygore149.workers.dev/cards/ja/24091/24091-023-024/display.webp,https://assets.pkmn.gg/fit-in/600x836/filters:format(webp)/images/cards/pcgigexcsd_jp/pcgigexcsd_jp-023v185.png,pkmngg_set=https://www.pkmn.gg/jp/series/pcg/imprison-gardevoir-ex-constructed-standard-deck;id=pcgigexcsd_jp-023;name=Buffer Piece;number=023;compat=name+collector,ok,https://assets.pkmn.gg/fit-in/600x836/filters:format(webp)/images/cards/pcgigexcsd_jp/pcgigexcsd_jp-023v185.png,pkmn.gg,matched Buffer Piece #023
pokemon|jp|24112|009/015|mr_stones_project,ja,24112,Water Quick Construction Pack,009/015,Mr Stones Project,True,pkmn.gg,https://cardscanr-images.andygore149.workers.dev/cards/ja/24112/24112-009-015/display.webp,https://assets.pkmn.gg/fit-in/600x836/filters:format(webp)/images/cards/pcgwqcp_jp/pcgwqcp_jp-009v722.png,pkmngg_set=https://www.pkmn.gg/jp/series/pcg/water-quick-construction-pack;id=pcgwqcp_jp-009;name=Mr Stones Project;number=009;compat=name+collector,ok,https://assets.pkmn.gg/fit-in/600x836/filters:format(webp)/images/cards/pcgwqcp_jp/pcgwqcp_jp-009v722.png,pkmn.gg,matched Mr Stones Project #009
pokemon|jp|24159|004/012|sableye,ja,24159,Master Kit (Side Deck),004/012,Sableye,True,pkmn.gg,https://cardscanr-images.andygore149.workers.dev/cards/ja/24159/24159-004-012/display.webp,https://assets.pkmn.gg/fit-in/600x836/filters:format(webp)/images/cards/pcgmksd_jp/pcgmksd_jp-004v708.png,pkmngg_set=https://www.pkmn.gg/jp/series/pcg/master-kit-side-deck;id=pcgmksd_jp-004;name=Sableye;number=004;compat=name+collector,ok,https://assets.pkmn.gg/fit-in/600x836/filters:format(webp)/images/cards/pcgmksd_jp/pcgmksd_jp-004v708.png,pkmn.gg,matched Sableye #004
pokemon|jp|24159|007/012|professor_oaks_research,ja,24159,Master Kit (Side Deck),007/012,Professor Oaks Research,True,pkmn.gg,https://cardscanr-images.andygore149.workers.dev/cards/ja/24159/24159-007-012/display.webp,https://assets.pkmn.gg/fit-in/600x836/filters:format(webp)/images/cards/pcgmksd_jp/pcgmksd_jp-007v598.png,pkmngg_set=https://www.pkmn.gg/jp/series/pcg/master-kit-side-deck;id=pcgmksd_jp-007;name=Professor Oaks Research;number=007;compat=name+collector,ok,https://assets.pkmn.gg/fit-in/600x836/filters:format(webp)/images/cards/pcgmksd_jp/pcgmksd_jp-007v598.png,pkmn.gg,matched Professor Oaks Research #007
pokemon|jp|24159|008/012|oran_berry,ja,24159,Master Kit (Side Deck),008/012,Oran Berry,True,pkmn.gg,https://cardscanr-images.andygore149.workers.dev/cards/ja/24159/24159-008-012/display.webp,https://assets.pkmn.gg/fit-in/600x836/filters:format(webp)/images/cards/pcgmksd_jp/pcgmksd_jp-008v104.png,pkmngg_set=https://www.pkmn.gg/jp/series/pcg/master-kit-side-deck;id=pcgmksd_jp-008;name=Oran Berry;number=008;compat=name+collector,ok,https://assets.pkmn.gg/fit-in/600x836/filters:format(webp)/images/cards/pcgmksd_jp/pcgmksd_jp-008v104.png,pkmn.gg,matched Oran Berry #008
pokemon|jp|24159|009/012|multi_technical_machine_01,ja,24159,Master Kit (Side Deck),009/012,Multi Technical Machine 01,True,pkmn.gg,https://cardscanr-images.andygore149.workers.dev/cards/ja/24159/24159-009-012/display.webp,https://assets.pkmn.gg/fit-in/600x836/filters:format(webp)/images/cards/pcgmksd_jp/pcgmksd_jp-009v943.png,pkmngg_set=https://www.pkmn.gg/jp/series/pcg/master-kit-side-deck;id=pcgmksd_jp-009;name=Multi Technical Machine 01;number=009;compat=name+collector,ok,https://assets.pkmn.gg/fit-in/600x836/filters:format(webp)/images/cards/pcgmksd_jp/pcgmksd_jp-009v943.png,pkmn.gg,matched Multi Technical Machine 01 #009
