canonical_card_id,language,set_id,set_name,collector_number,card_name,variant,stamped_or_special,blocker,recovered,source,public_url,hit_count,identity_notes,pkmncards_audit,reference_urls,identity_audit
pokemon|en|2282|068/195|kirlia_2023_tord_reklev,en,2282,World Championship Decks,068/195,Kirlia 2023 Tord Reklev,Uncommon,True,stamped_or_exclusive_printing_no_permitted_public_image,False,,,3,base_result_for_stamped_exclusive; base_result_for_stamped_exclusive; stamped_or_special_printing_not_substitutable,false_positive_base_sv_image_for_wcs_stamp,https://api.pokewallet.io/images/pk_d902316dd1f790984a0ac09946ee39738ef72cf59135fff3dec78a62e6b202fd52ac9dbea7fecf2a8b0a6fcec160?size=high | https://api.pokewallet.io/images/pk_d902316dd1f790984a0ac09946ee39738ef72cf59135fff3dec78a62e6b202fd52ac9dbea7fecf2a8b0a6fcec160?size=low | https://pkmncards.com/?s=Kirlia%202023%20Tord%20Reklev%2068,n/a
pokemon|en|2282|077/167|iron_thorns_ex_077_167_2024_fernando_cifuentes_gold_signature,en,2282,World Championship Decks,077/167,Iron Thorns ex 077 167 2024 Fernando Cifuentes Gold Signature,Double Rare,True,stamped_or_exclusive_printing_no_permitted_public_image,False,,,3,identity_audit_quarantined:signature_stamp_not_proven_in_match; prior_matchBasis=live_image:pk_a313f01bd4fd324c84f97683afb1c8dc21e21cb83d837973363c9a4c744bc0418c84e8b14875436fc9b5c66c4659;name=Iron Thorns ex - 077/167 - 2024 (Fernando Cifuen,false_positive_base_sv_image_for_wcs_stamp,https://api.pokewallet.io/images/pk_dc448145a1ebaf8938a15a5c8bedac31d0dfa7b80e57bdc9fc84ed69dbdd00bb6740b3b1e6c434c0d32b260bb737?size=high | https://api.pokewallet.io/images/pk_dc448145a1ebaf8938a15a5c8bedac31d0dfa7b80e57bdc9fc84ed69dbdd00bb6740b3b1e6c434c0d32b260bb737?size=low | https://pkmncards.com/?s=Iron%20Thorns%20ex%20077%20167%202024%20Fernando%20Cifuentes%20Gold%20Signature%2077,signature_stamp_not_proven_in_match
pokemon|en|2374|SWSH029|rayquaza_swsh029_pixel_cosmos_holo,en,2374,Miscellaneous Cards & Products,SWSH029,Rayquaza SWSH029 Pixel Cosmos Holo,Promo,True,stamped_or_exclusive_printing_no_permitted_public_image,False,,,4,base_result_for_stamped_exclusive; base_result_for_stamped_exclusive; base_result_for_stamped_exclusive,false_positive_shared_search_thumbnail,https://api.pokewallet.io/images/pk_bca4b8b16f72c213f356287c852825d71a268c9b50a45083331e5df7211a59baf2e92333ecc108db52dac238f0f1d9?size=high | https://api.pokewallet.io/images/pk_bca4b8b16f72c213f356287c852825d71a268c9b50a45083331e5df7211a59baf2e92333ecc108db52dac238f0f1d9?size=low | https://pkmncards.com/?s=Rayquaza%20SWSH029%20Pixel%20SWSH029,n/a
pokemon|en|2374|110/193|larvitar_110_193_cosmo_foil,en,2374,Miscellaneous Cards & Products,110/193,Larvitar 110 193 Cosmo Foil,Promo,False,stamped_or_exclusive_printing_no_permitted_public_image,False,,,1,identity_audit_quarantined:cosmo_foil_variant_not_proven; prior_matchBasis=live_image:pk_c9a98d8c4842c1cfc3fa8cfce5f9556d33b19fa9199b29614457d2d684d952646c0448009f4be4c3b529e828e1f1fad8;name=Larvitar;number=110/193;lang=,false_positive_shared_search_thumbnail,https://api.pokewallet.io/images/pk_a726d366bc6ec73f5defffff14780a76caf53873980879fba6d936447ed93d2c2fddc5f27b444c2ca197d08ff47b6b?size=high | https://api.pokewallet.io/images/pk_a726d366bc6ec73f5defffff14780a76caf53873980879fba6d936447ed93d2c2fddc5f27b444c2ca197d08ff47b6b?size=low | https://pkmncards.com/?s=Larvitar%20110%20193%20Cosmo%20Foil%20110,cosmo_foil_variant_not_proven
pokemon|en|2374|112/203|dialga_112_203_cosmos_holo,en,2374,Miscellaneous Cards & Products,112/203,Dialga 112 203 Cosmos Holo,Promo,False,stamped_or_exclusive_printing_no_permitted_public_image,False,,,1,identity_audit_quarantined:cosmos_holo_variant_not_proven; prior_matchBasis=live_image:pk_f0db91a8ea0999c60f924fb71f41d67f2aa47e1112f2d2c9192c5bcef0bc419212b81eb4f998a265cac85d0277b1e044;name=Dialga;number=112/203;lang=,false_positive_shared_search_thumbnail,https://api.pokewallet.io/images/pk_8c6bbcbc913bfce17ab04f44dfb500a9f60c019c7ccddcf278ac111153756659265d6559990104373ad1a0281a8445?size=high | https://api.pokewallet.io/images/pk_8c6bbcbc913bfce17ab04f44dfb500a9f60c019c7ccddcf278ac111153756659265d6559990104373ad1a0281a8445?size=low | https://pkmncards.com/?s=Dialga%20112%20203%20112,cosmos_holo_variant_not_proven
pokemon|en|pkmtch|S-P 163|cyndaquil,en,pkmtch,PKMTCH,S-P 163,Cyndaquil,,False,promo_or_match_exclusive_no_permitted_exact_image,False,,,1,identity_audit_quarantined:wrong_collector_number_matched_55_95; prior_matchBasis=live_image:pk_e3ae9c0634506897e4b2725bcb27f49f05ea0bc46c453fc8f414f40acb69837aeaea857807a5592f0c70cf98;name=Cyndaquil;number=55/95;lang=,false_positive_shared_search_thumbnail,https://api.pokewallet.io/images/cd01e2572b9b30f29436352d6476bcb552737de19cbb7f6066d3c33729c8ca12?size=high | https://api.pokewallet.io/images/cd01e2572b9b30f29436352d6476bcb552737de19cbb7f6066d3c33729c8ca12?size=low | https://pkmncards.com/?s=Cyndaquil%20S-P%20163,wrong_collector_number_matched_55_95
pokemon|en|pkmtch|S-P 164|oshawott,en,pkmtch,PKMTCH,S-P 164,Oshawott,,False,promo_or_match_exclusive_no_permitted_exact_image,False,,,9,identity_audit_quarantined:wrong_set_pokemontcg_mcd11_4; prior_matchBasis=pokemontcg:mcd11-4,false_positive_shared_search_thumbnail,https://api.pokewallet.io/images/dcadc2e56574434514ea4161a9133f13f08305b862369f29ec5910dc425f39f4?size=high | https://api.pokewallet.io/images/dcadc2e56574434514ea4161a9133f13f08305b862369f29ec5910dc425f39f4?size=low | https://pkmncards.com/?s=Oshawott%20S-P%20164,wrong_set_pokemontcg_mcd11_4
pokemon|jp|24045|009/014|super_scoop_up,ja,24045,Giratina vs Dialga Deck Kit (Dialga),009/014,Super Scoop Up,,False,ja_constructed_deck_kit_no_permitted_image,False,,,1,identity_audit_quarantined:kit_exact_printing_not_proven_shared_asset; prior_matchBasis=live_image:pk_82dba69ae1af4ef64366b99b79f4a36833bee5249692c3b74bdbf7d63c7a32da0b91b6ea3da5bdab8c5436a562f7;name=Super Scoop Up;number=009/015;lang=,false_positive_en_scarlet_violet_image_for_ja_card,https://api.pokewallet.io/images/pk_af82a9d3d92cbba70a2aa7b91b4f0a88097dde9d8a886f752437150b3cf2fc1236569e8b9ae1e5370a19df2d2925?size=high | https://api.pokewallet.io/images/pk_af82a9d3d92cbba70a2aa7b91b4f0a88097dde9d8a886f752437150b3cf2fc1236569e8b9ae1e5370a19df2d2925?size=low | https://pkmncards.com/?s=Super%20Scoop%20Up%209,kit_exact_printing_not_proven_shared_asset
pokemon|jp|24045|010/014|double_full_heal,ja,24045,Giratina vs Dialga Deck Kit (Dialga),010/014,Double Full Heal,,False,ja_constructed_deck_kit_no_permitted_image,False,,,0,no_permitted_exact_source_after_pass7,candidate,https://api.pokewallet.io/images/pk_a941ef7aca8af6ca071ac0dea86c2c7339daafa3499f158a9b883111ec634e5ebe2f0409c08821c929d4e58a15ef86?size=high | https://api.pokewallet.io/images/pk_a941ef7aca8af6ca071ac0dea86c2c7339daafa3499f158a9b883111ec634e5ebe2f0409c08821c929d4e58a15ef86?size=low | https://pkmncards.com/?s=Double%20Full%20Heal%2010,n/a
pokemon|jp|24045|014/014|conductive_quarry,ja,24045,Giratina vs Dialga Deck Kit (Dialga),014/014,Conductive Quarry,,False,ja_constructed_deck_kit_no_permitted_image,False,,,0,no_permitted_exact_source_after_pass7,false_positive_en_scarlet_violet_image_for_ja_card,https://api.pokewallet.io/images/pk_cfa96e654bcb9db7ffa9a566750e3e9822b8a2067df47a59709dfdd338f58f1fc562f53664ee5b6416694c1c83b303?size=high | https://api.pokewallet.io/images/pk_cfa96e654bcb9db7ffa9a566750e3e9822b8a2067df47a59709dfdd338f58f1fc562f53664ee5b6416694c1c83b303?size=low | https://pkmncards.com/?s=Conductive%20Quarry%2014,n/a
pokemon|jp|24046|009/014|energy_switch,ja,24046,Giratina vs Dialga Deck Kit (Giratina),009/014,Energy Switch,,False,ja_constructed_deck_kit_no_permitted_image,False,,,1,identity_audit_quarantined:wrong_set_pokemontcg_pop5_9_en; prior_matchBasis=pokemontcg:pop5-9,false_positive_en_scarlet_violet_image_for_ja_card,https://api.pokewallet.io/images/pk_c4228feb7f6f061787e3c3918bd4831db19f64ff1d7db981641dd22685fe418012577e3cb677d42987aaa0056b1b?size=high | https://api.pokewallet.io/images/pk_c4228feb7f6f061787e3c3918bd4831db19f64ff1d7db981641dd22685fe418012577e3cb677d42987aaa0056b1b?size=low | https://pkmncards.com/?s=Energy%20Switch%209,wrong_set_pokemontcg_pop5_9_en
pokemon|jp|24046|010/014|double_full_heal,ja,24046,Giratina vs Dialga Deck Kit (Giratina),010/014,Double Full Heal,,False,ja_constructed_deck_kit_no_permitted_image,False,,,0,no_permitted_exact_source_after_pass7,candidate,https://api.pokewallet.io/images/pk_74a46b80b1713ff52089565b6b482a03faa19b9efa488cd3fecdc8727683a0819dad46ec30d758dac377558d02e9f7?size=high | https://api.pokewallet.io/images/pk_74a46b80b1713ff52089565b6b482a03faa19b9efa488cd3fecdc8727683a0819dad46ec30d758dac377558d02e9f7?size=low | https://pkmncards.com/?s=Double%20Full%20Heal%2010,n/a
pokemon|jp|24046|013/014|moms_kindness,ja,24046,Giratina vs Dialga Deck Kit (Giratina),013/014,Moms Kindness,,False,ja_constructed_deck_kit_no_permitted_image,False,,,0,no_permitted_exact_source_after_pass7,false_positive_en_scarlet_violet_image_for_ja_card,https://api.pokewallet.io/images/pk_a0c2e7e4bbc3bb04ccc1c722b7c1436731116ef17db97239f4b528dc2f55809f1ae960564fb332014fab9061b9f71e?size=high | https://api.pokewallet.io/images/pk_a0c2e7e4bbc3bb04ccc1c722b7c1436731116ef17db97239f4b528dc2f55809f1ae960564fb332014fab9061b9f71e?size=low | https://pkmncards.com/?s=Moms%20Kindness%2013,n/a
pokemon|jp|24046|014/014|miasma_valley,ja,24046,Giratina vs Dialga Deck Kit (Giratina),014/014,Miasma Valley,,False,ja_constructed_deck_kit_no_permitted_image,False,,,0,no_permitted_exact_source_after_pass7,false_positive_en_scarlet_violet_image_for_ja_card,https://api.pokewallet.io/images/pk_a8b670131adeee47205d001617743c1f8481033d27673a706dc41c6ef5df322a1d8d5c56a590d3cf32fd8ebc2db94a?size=high | https://api.pokewallet.io/images/pk_a8b670131adeee47205d001617743c1f8481033d27673a706dc41c6ef5df322a1d8d5c56a590d3cf32fd8ebc2db94a?size=low | https://pkmncards.com/?s=Miasma%20Valley%2014,n/a
pokemon|jp|24082|009/016|energy_search,ja,24082,Earth's Groudon ex Constructed Starter Deck,009/016,Energy Search,,False,ja_constructed_deck_kit_no_permitted_image,False,,,1,identity_audit_quarantined:wrong_set_latias_9_10; prior_matchBasis=live_image:pk_8ac89efe44b0f32925d0d3ee0108d6614d618f362cf357914f4d02e6b124528180d15cd0bf3f3e7bad66f4;name=Energy Search (Latias);number=9/10;lang=,false_positive_en_scarlet_violet_image_for_ja_card,https://api.pokewallet.io/images/pk_18444ff8c814dd9e414360809e92be960aed1555e14103dc31e787a059cf04760b4652b948da14f2de91bded0a78?size=high | https://api.pokewallet.io/images/pk_18444ff8c814dd9e414360809e92be960aed1555e14103dc31e787a059cf04760b4652b948da14f2de91bded0a78?size=low | https://pkmncards.com/?s=Energy%20Search%209,wrong_set_latias_9_10
pokemon|jp|24082|013/016|pokenav,ja,24082,Earth's Groudon ex Constructed Starter Deck,013/016,PokeNav,,False,ja_constructed_deck_kit_no_permitted_image,False,,,0,no_permitted_exact_source_after_pass7,false_positive_en_scarlet_violet_image_for_ja_card,https://api.pokewallet.io/images/pk_38b5f1f1be4a97fe1a89cb98838ca0e45586512c1558058955320a5b6b297cc57f27eb27fa46426a0ddc8792d04fb3?size=high | https://api.pokewallet.io/images/pk_38b5f1f1be4a97fe1a89cb98838ca0e45586512c1558058955320a5b6b297cc57f27eb27fa46426a0ddc8792d04fb3?size=low | https://pkmncards.com/?s=PokeNav%2013,n/a
pokemon|jp|24082|014/016|celios_network,ja,24082,Earth's Groudon ex Constructed Starter Deck,014/016,Celios Network,,False,ja_constructed_deck_kit_no_permitted_image,False,,,0,no_permitted_exact_source_after_pass7,false_positive_en_scarlet_violet_image_for_ja_card,https://api.pokewallet.io/images/pk_f4e4d4bf60be1c85a68d0be5c460b8f0b7f91e0539c715e2a487aa7aa0254b87b2caf9e7e87e8fec56562857cfb3bb?size=high | https://api.pokewallet.io/images/pk_f4e4d4bf60be1c85a68d0be5c460b8f0b7f91e0539c715e2a487aa7aa0254b87b2caf9e7e87e8fec56562857cfb3bb?size=low | https://pkmncards.com/?s=Celios%20Network%2014,n/a
pokemon|jp|24083|001/016|torchic,ja,24083,Ocean's Kyogre ex Constructed Starter Deck,001/016,Torchic,,False,ja_constructed_deck_kit_no_permitted_image,False,,,0,no_permitted_exact_source_after_pass7,false_positive_en_scarlet_violet_image_for_ja_card,https://api.pokewallet.io/images/pk_55370cc1fb38101ebc55001a5fd906fd5495dd9138c1bc4c66790910651bf3802f3c40abc53d6608d0574e44727b?size=high | https://api.pokewallet.io/images/pk_55370cc1fb38101ebc55001a5fd906fd5495dd9138c1bc4c66790910651bf3802f3c40abc53d6608d0574e44727b?size=low | https://pkmncards.com/?s=Torchic%201,n/a
pokemon|jp|24083|003/016|squirtle,ja,24083,Ocean's Kyogre ex Constructed Starter Deck,003/016,Squirtle,,False,ja_constructed_deck_kit_no_permitted_image,False,,,0,no_permitted_exact_source_after_pass7,false_positive_en_scarlet_violet_image_for_ja_card,https://api.pokewallet.io/images/pk_23d24ddb0547bf4ad87bd2f34be96cc2c5943ce83de2d6f6e385f6e9ebd6a0e5473d8c8fc81fd1d2bd4db67869b5?size=high | https://api.pokewallet.io/images/pk_23d24ddb0547bf4ad87bd2f34be96cc2c5943ce83de2d6f6e385f6e9ebd6a0e5473d8c8fc81fd1d2bd4db67869b5?size=low | https://pkmncards.com/?s=Squirtle%203,n/a
pokemon|jp|24083|007/016|treecko_delta_species,ja,24083,Ocean's Kyogre ex Constructed Starter Deck,007/016,Treecko Delta Species,,False,ja_constructed_deck_kit_no_permitted_image,False,,,1,identity_audit_quarantined:wrong_set_pop_tournament; prior_matchBasis=live_image:pk_d1de7b4afc0c19e4a85fd28d7e0792b408f5ff859fb3b12a3af298b2f50270951a1f1d7629b20385;name=Treecko - 007 (POP Tournament);number=007;lang=,false_positive_en_scarlet_violet_image_for_ja_card,https://api.pokewallet.io/images/pk_b9cd49eb78fb3e21be7c3011689be4ec075ccd1b5cc7927cfa6e09c16511b1ac2ff9ead411b903990a9c22e87239?size=high | https://api.pokewallet.io/images/pk_b9cd49eb78fb3e21be7c3011689be4ec075ccd1b5cc7927cfa6e09c16511b1ac2ff9ead411b903990a9c22e87239?size=low | https://pkmncards.com/?s=Treecko%20Delta%20Species%207,wrong_set_pop_tournament
pokemon|jp|24083|008/016|grovyle_delta_species,ja,24083,Ocean's Kyogre ex Constructed Starter Deck,008/016,Grovyle Delta Species,,False,ja_constructed_deck_kit_no_permitted_image,False,,,1,identity_audit_quarantined:wrong_set_adv_p_promo; prior_matchBasis=live_image:pk_8b509b505165b76e94d5da7ab357ac1e3d01c6227738a5911bfe9825e70806a4e329f20dfab684cb86696cba68bb4f84;name=Grovyle - 008/ADV-P;number=008/ADV-P;lang=,false_positive_en_scarlet_violet_image_for_ja_card,https://api.pokewallet.io/images/pk_b5ebacabd913e4e8e42bac3ec0d9ba9e31b5d28ecb0f047399bd4c9bb807f08308f7797bee0b2b5bac91b0241fc4?size=high | https://api.pokewallet.io/images/pk_b5ebacabd913e4e8e42bac3ec0d9ba9e31b5d28ecb0f047399bd4c9bb807f08308f7797bee0b2b5bac91b0241fc4?size=low | https://pkmncards.com/?s=Grovyle%20Delta%20Species%208,wrong_set_adv_p_promo
pokemon|jp|24083|011/016|pokenav,ja,24083,Ocean's Kyogre ex Constructed Starter Deck,011/016,PokeNav,,False,ja_constructed_deck_kit_no_permitted_image,False,,,0,no_permitted_exact_source_after_pass7,false_positive_en_scarlet_violet_image_for_ja_card,https://api.pokewallet.io/images/pk_b3e32bd499cf952f77519ac8faa8eb3320220dc57f163b63a4056bc64ac0249110e031836bd7582566827c8071c13c?size=high | https://api.pokewallet.io/images/pk_b3e32bd499cf952f77519ac8faa8eb3320220dc57f163b63a4056bc64ac0249110e031836bd7582566827c8071c13c?size=low | https://pkmncards.com/?s=PokeNav%2011,n/a
pokemon|jp|24083|012/016|poke_ball,ja,24083,Ocean's Kyogre ex Constructed Starter Deck,012/016,Poke Ball,,False,ja_constructed_deck_kit_no_permitted_image,False,,,1,identity_audit_quarantined:wrong_card_victini_poke_ball_pattern; prior_matchBasis=live_image:pk_4ad14db664fcb6528f101731597ed21401c8b8b1fd29d59b847552ec095640739d6639b2238e575b1f044a8f5b9c45;name=Victini (Poke Ball Pattern);number=012/086;lan,false_positive_en_scarlet_violet_image_for_ja_card,https://api.pokewallet.io/images/pk_d88e3b3fd1466ba30d5b7dcc6f926a0331aa1fbe020d30bf76f1a08eca6b24a1ac7bd8f433085b9efd752f03968bfa?size=high | https://api.pokewallet.io/images/pk_d88e3b3fd1466ba30d5b7dcc6f926a0331aa1fbe020d30bf76f1a08eca6b24a1ac7bd8f433085b9efd752f03968bfa?size=low | https://pkmncards.com/?s=Poke%20Ball%2012,wrong_card_victini_poke_ball_pattern
pokemon|jp|24083|014/016|celios_network,ja,24083,Ocean's Kyogre ex Constructed Starter Deck,014/016,Celios Network,,False,ja_constructed_deck_kit_no_permitted_image,False,,,0,no_permitted_exact_source_after_pass7,false_positive_en_scarlet_violet_image_for_ja_card,https://api.pokewallet.io/images/pk_be390296b83001e499a5ec65b22f0780ce627ef6d790798c359598eb96e40155aac91b66b33ddcdca0cf06b771c082?size=high | https://api.pokewallet.io/images/pk_be390296b83001e499a5ec65b22f0780ce627ef6d790798c359598eb96e40155aac91b66b33ddcdca0cf06b771c082?size=low | https://pkmncards.com/?s=Celios%20Network%2014,n/a
pokemon|jp|24083|015/016|bills_maintenance,ja,24083,Ocean's Kyogre ex Constructed Starter Deck,015/016,Bills Maintenance,,False,ja_constructed_deck_kit_no_permitted_image,False,,,0,no_permitted_exact_source_after_pass7,false_positive_en_scarlet_violet_image_for_ja_card,https://api.pokewallet.io/images/pk_bef5e5a4810325eabdff928b24578445c6a3c340df8fff53bd72166e0e450e0df94e00c7914636412255a1276d411b?size=high | https://api.pokewallet.io/images/pk_bef5e5a4810325eabdff928b24578445c6a3c340df8fff53bd72166e0e450e0df94e00c7914636412255a1276d411b?size=low | https://pkmncards.com/?s=Bills%20Maintenance%2015,n/a
pokemon|jp|24083|016/016|multi_energy,ja,24083,Ocean's Kyogre ex Constructed Starter Deck,016/016,Multi Energy,,False,ja_constructed_deck_kit_no_permitted_image,False,,,0,no_permitted_exact_source_after_pass7,false_positive_en_scarlet_violet_image_for_ja_card,https://api.pokewallet.io/images/pk_e4672fa70934a44cdb286db0a89243e10f458790398f098db1394a21f52a6afd624a285351c014da390a0a62ba93d0?size=high | https://api.pokewallet.io/images/pk_e4672fa70934a44cdb286db0a89243e10f458790398f098db1394a21f52a6afd624a285351c014da390a0a62ba93d0?size=low | https://pkmncards.com/?s=Multi%20Energy%2016,n/a
pokemon|jp|24086|001/015|ponyta,ja,24086,Holon Research Tower Fire Quarter Deck,001/015,Ponyta,,False,ja_constructed_deck_kit_no_permitted_image,False,,,0,no_permitted_exact_source_after_pass7,false_positive_en_scarlet_violet_image_for_ja_card,https://api.pokewallet.io/images/pk_a6f38e8af75ac79e264d6efb5e2d3a10e54d9a03f765a7a6c4ac17f56548623d43ef9c9b75d4b589737dc8653302?size=high | https://api.pokewallet.io/images/pk_a6f38e8af75ac79e264d6efb5e2d3a10e54d9a03f765a7a6c4ac17f56548623d43ef9c9b75d4b589737dc8653302?size=low | https://pkmncards.com/?s=Ponyta%201,n/a
pokemon|jp|24086|002/015|rapidash,ja,24086,Holon Research Tower Fire Quarter Deck,002/015,Rapidash,,False,ja_constructed_deck_kit_no_permitted_image,False,,,0,no_permitted_exact_source_after_pass7,false_positive_en_scarlet_violet_image_for_ja_card,https://api.pokewallet.io/images/pk_5aa3b3e766088e6ed68d5fc3a5fb1e3fe6421377d97b42d2894259e36253d9fd098c6e844e0e068077649d4f6a29?size=high | https://api.pokewallet.io/images/pk_5aa3b3e766088e6ed68d5fc3a5fb1e3fe6421377d97b42d2894259e36253d9fd098c6e844e0e068077649d4f6a29?size=low | https://pkmncards.com/?s=Rapidash%202,n/a
pokemon|jp|24086|004/015|flareon_ex,ja,24086,Holon Research Tower Fire Quarter Deck,004/015,Flareon ex,,False,ja_constructed_deck_kit_no_permitted_image,False,,,0,no_permitted_exact_source_after_pass7,false_positive_en_scarlet_violet_image_for_ja_card,https://api.pokewallet.io/images/pk_cd0b84fec948202923b475f7044b0b48fe398d4b8e56abdd15848c81321fa2394df9b7296d5681490b80563a04d8?size=high | https://api.pokewallet.io/images/pk_cd0b84fec948202923b475f7044b0b48fe398d4b8e56abdd15848c81321fa2394df9b7296d5681490b80563a04d8?size=low | https://pkmncards.com/?s=Flareon%20ex%204,n/a
pokemon|jp|24086|005/015|bagon_delta_species,ja,24086,Holon Research Tower Fire Quarter Deck,005/015,Bagon Delta Species,,False,ja_constructed_deck_kit_no_permitted_image,False,,,0,no_permitted_exact_source_after_pass7,false_positive_en_scarlet_violet_image_for_ja_card,https://api.pokewallet.io/images/pk_5b793f348590facd66f9bd26f075eaf770ee62c8221860666a705a133c6a8e1c89c8edc4b70803bc3cb38042926d?size=high | https://api.pokewallet.io/images/pk_5b793f348590facd66f9bd26f075eaf770ee62c8221860666a705a133c6a8e1c89c8edc4b70803bc3cb38042926d?size=low | https://pkmncards.com/?s=Bagon%20Delta%20Species%205,n/a
pokemon|jp|24086|006/015|shelgon_delta_species,ja,24086,Holon Research Tower Fire Quarter Deck,006/015,Shelgon Delta Species,,False,ja_constructed_deck_kit_no_permitted_image,False,,,0,no_permitted_exact_source_after_pass7,false_positive_en_scarlet_violet_image_for_ja_card,https://api.pokewallet.io/images/pk_954a0ce1194d862f628f13b09f5bf9fd96c6fc7c661e764d8d19ee600516a33d4d8153ea97a6a19245dea73505d0?size=high | https://api.pokewallet.io/images/pk_954a0ce1194d862f628f13b09f5bf9fd96c6fc7c661e764d8d19ee600516a33d4d8153ea97a6a19245dea73505d0?size=low | https://pkmncards.com/?s=Shelgon%20Delta%20Species%206,n/a
pokemon|jp|24086|008/015|dual_ball,ja,24086,Holon Research Tower Fire Quarter Deck,008/015,Dual Ball,,False,ja_constructed_deck_kit_no_permitted_image,False,,,1,identity_audit_quarantined:wrong_set_number_008_014_vs_008_015; prior_matchBasis=live_image:pk_48bf7b6b81ba134d686609d0390b95a33cd8416c249f19461a373e880efdcca26723887fd4397559afe89df4e26c;name=Dual Ball;number=008/014;lang=,false_positive_en_scarlet_violet_image_for_ja_card,https://api.pokewallet.io/images/pk_3d05d7a0b85d9f664a66d04e7f6ceb8a01482333f9ecbcf56ff16016093d50410f519cde6438c467733f7e1c52f6?size=high | https://api.pokewallet.io/images/pk_3d05d7a0b85d9f664a66d04e7f6ceb8a01482333f9ecbcf56ff16016093d50410f519cde6438c467733f7e1c52f6?size=low | https://pkmncards.com/?s=Dual%20Ball%208,wrong_set_number_008_014_vs_008_015
pokemon|jp|24086|009/015|switch,ja,24086,Holon Research Tower Fire Quarter Deck,009/015,Switch,,False,ja_constructed_deck_kit_no_permitted_image,False,,,0,no_permitted_exact_source_after_pass7,false_positive_en_scarlet_violet_image_for_ja_card,https://api.pokewallet.io/images/pk_d96921c3c86734ac4595ed897b474f38ba8ea008015a683da11ce949958a1be9d95e48832acabbf3aed3fa4209cf?size=high | https://api.pokewallet.io/images/pk_d96921c3c86734ac4595ed897b474f38ba8ea008015a683da11ce949958a1be9d95e48832acabbf3aed3fa4209cf?size=low | https://pkmncards.com/?s=Switch%209,n/a
pokemon|jp|24086|013/015|basic_fire_energy_013_015,ja,24086,Holon Research Tower Fire Quarter Deck,013/015,Basic Fire Energy 013 015,,False,ja_constructed_deck_kit_no_permitted_image,False,,,0,no_permitted_exact_source_after_pass7,false_positive_en_scarlet_violet_image_for_ja_card,https://api.pokewallet.io/images/pk_1152ffcc5d522d858ffb5992a17323b32637f831d765f8d8c9c708f882821cb1326ced2236a6ce91f94e7d216472fb?size=high | https://api.pokewallet.io/images/pk_1152ffcc5d522d858ffb5992a17323b32637f831d765f8d8c9c708f882821cb1326ced2236a6ce91f94e7d216472fb?size=low | https://pkmncards.com/?s=Basic%20Fire%20Energy%20013%20015%2013,n/a
pokemon|jp|24087|001/015|magnemite,ja,24087,Holon Research Tower Lightning Quarter Deck,001/015,Magnemite,,False,ja_constructed_deck_kit_no_permitted_image,False,,,0,no_permitted_exact_source_after_pass7,false_positive_en_scarlet_violet_image_for_ja_card,https://api.pokewallet.io/images/pk_864badf8b742b311f7ee024a627a53f10d53fcf7c79008814fdfe8e0bbe84bf7f89b667f5a4809ce754e24eed116?size=high | https://api.pokewallet.io/images/pk_864badf8b742b311f7ee024a627a53f10d53fcf7c79008814fdfe8e0bbe84bf7f89b667f5a4809ce754e24eed116?size=low | https://pkmncards.com/?s=Magnemite%201,n/a
pokemon|jp|24087|005/015|dratini_delta_species,ja,24087,Holon Research Tower Lightning Quarter Deck,005/015,Dratini Delta Species,,False,ja_constructed_deck_kit_no_permitted_image,False,,,0,no_permitted_exact_source_after_pass7,candidate,https://api.pokewallet.io/images/pk_964fac52048bc554189648f8eba15f15afa60b57c1c2788169dce5e91198be8714ca8a678575b8b971f6f0a45715?size=high | https://api.pokewallet.io/images/pk_964fac52048bc554189648f8eba15f15afa60b57c1c2788169dce5e91198be8714ca8a678575b8b971f6f0a45715?size=low | https://pkmncards.com/?s=Dratini%20Delta%20Species%205,n/a
pokemon|jp|24087|006/015|dragonair_delta_species,ja,24087,Holon Research Tower Lightning Quarter Deck,006/015,Dragonair Delta Species,,False,ja_constructed_deck_kit_no_permitted_image,False,,,0,no_permitted_exact_source_after_pass7,false_positive_en_scarlet_violet_image_for_ja_card,https://api.pokewallet.io/images/pk_a9942d43cce892ae3ff244d5fc9a47967a52fba53f6d3b1caa4f1c9f52d037c22dc8eb13e9611ea3ba33e3bb0f50?size=high | https://api.pokewallet.io/images/pk_a9942d43cce892ae3ff244d5fc9a47967a52fba53f6d3b1caa4f1c9f52d037c22dc8eb13e9611ea3ba33e3bb0f50?size=low | https://pkmncards.com/?s=Dragonair%20Delta%20Species%206,n/a
pokemon|jp|24087|007/015|eevee,ja,24087,Holon Research Tower Lightning Quarter Deck,007/015,Eevee,,False,ja_constructed_deck_kit_no_permitted_image,False,,,0,no_permitted_exact_source_after_pass7,false_positive_en_scarlet_violet_image_for_ja_card,https://api.pokewallet.io/images/pk_ded0e763e9b930ae0026320daaa2632d68ecfc1611d73405b45d52fef5cfbb514edd7e9eae1f6b17860de358efe7?size=high | https://api.pokewallet.io/images/pk_ded0e763e9b930ae0026320daaa2632d68ecfc1611d73405b45d52fef5cfbb514edd7e9eae1f6b17860de358efe7?size=low | https://pkmncards.com/?s=Eevee%207,n/a
pokemon|jp|24087|009/015|super_scoop_up,ja,24087,Holon Research Tower Lightning Quarter Deck,009/015,Super Scoop Up,,False,ja_constructed_deck_kit_no_permitted_image,False,,,1,identity_audit_quarantined:kit_exact_printing_not_proven_shared_asset; prior_matchBasis=live_image:pk_82dba69ae1af4ef64366b99b79f4a36833bee5249692c3b74bdbf7d63c7a32da0b91b6ea3da5bdab8c5436a562f7;name=Super Scoop Up;number=009/015;lang=,false_positive_en_scarlet_violet_image_for_ja_card,https://api.pokewallet.io/images/pk_76b50010b869be8c3e632b9c7f1c6cfac34adf384d9087b0f337b943e092ab17f25ae61de148605032949f40e623?size=high | https://api.pokewallet.io/images/pk_76b50010b869be8c3e632b9c7f1c6cfac34adf384d9087b0f337b943e092ab17f25ae61de148605032949f40e623?size=low | https://pkmncards.com/?s=Super%20Scoop%20Up%209,kit_exact_printing_not_proven_shared_asset
pokemon|jp|24087|010/015|holon_scientist,ja,24087,Holon Research Tower Lightning Quarter Deck,010/015,Holon Scientist,,False,ja_constructed_deck_kit_no_permitted_image,False,,,0,no_permitted_exact_source_after_pass7,false_positive_en_scarlet_violet_image_for_ja_card,https://api.pokewallet.io/images/pk_d38ef95a8bbe28daa251ccec2d7bfca79435299b1b07cad4bbb284743dd42e5a3879c223fe2e958e14f018f722bcf3?size=high | https://api.pokewallet.io/images/pk_d38ef95a8bbe28daa251ccec2d7bfca79435299b1b07cad4bbb284743dd42e5a3879c223fe2e958e14f018f722bcf3?size=low | https://pkmncards.com/?s=Holon%20Scientist%2010,n/a
pokemon|jp|24087|013/015|basic_lightning_energy_013_015,ja,24087,Holon Research Tower Lightning Quarter Deck,013/015,Basic Lightning Energy 013 015,,False,ja_constructed_deck_kit_no_permitted_image,False,,,0,no_permitted_exact_source_after_pass7,false_positive_en_scarlet_violet_image_for_ja_card,https://api.pokewallet.io/images/pk_e3d76c57128408d5a9f78dbd255bd5ff582bc54c9a0d3acd1f5e4e381d1ef2d1540b52f1aa405aa3ad635bf43ac19f?size=high | https://api.pokewallet.io/images/pk_e3d76c57128408d5a9f78dbd255bd5ff582bc54c9a0d3acd1f5e4e381d1ef2d1540b52f1aa405aa3ad635bf43ac19f?size=low | https://pkmncards.com/?s=Basic%20Lightning%20Energy%20013%20015%2013,n/a
pokemon|jp|24088|001/015|staryu,ja,24088,Holon Research Tower Water Quarter Deck,001/015,Staryu,,False,ja_constructed_deck_kit_no_permitted_image,False,,,0,no_permitted_exact_source_after_pass7,false_positive_en_scarlet_violet_image_for_ja_card,https://api.pokewallet.io/images/pk_e91567bf4bb565c5f8a712d1076de44b643009748e7dfa3d125b14b2fa9dd8e3fa80cf5e948ddb41895c12476005?size=high | https://api.pokewallet.io/images/pk_e91567bf4bb565c5f8a712d1076de44b643009748e7dfa3d125b14b2fa9dd8e3fa80cf5e948ddb41895c12476005?size=low | https://pkmncards.com/?s=Staryu%201,n/a
pokemon|jp|24088|002/015|ditto,ja,24088,Holon Research Tower Water Quarter Deck,002/015,Ditto,,False,ja_constructed_deck_kit_no_permitted_image,False,,,0,no_permitted_exact_source_after_pass7,false_positive_en_scarlet_violet_image_for_ja_card,https://api.pokewallet.io/images/pk_6e7bb6fd7e2348f6ab1b92dd465971325d0a399cc9422383f5c07da1c97f3d25a4a2e68fd3c2be6f82fa1596cc1b?size=high | https://api.pokewallet.io/images/pk_6e7bb6fd7e2348f6ab1b92dd465971325d0a399cc9422383f5c07da1c97f3d25a4a2e68fd3c2be6f82fa1596cc1b?size=low | https://pkmncards.com/?s=Ditto%202,n/a
pokemon|jp|24088|003/015|vaporeon_ex,ja,24088,Holon Research Tower Water Quarter Deck,003/015,Vaporeon ex,,False,ja_constructed_deck_kit_no_permitted_image,False,,,0,no_permitted_exact_source_after_pass7,candidate,https://api.pokewallet.io/images/pk_0e630be9fc23c5153136946686bd8feca43c1d9b26d3f69e3b71e7b24e660fab6dd9efb0531a32fb0097dd25371e?size=high | https://api.pokewallet.io/images/pk_0e630be9fc23c5153136946686bd8feca43c1d9b26d3f69e3b71e7b24e660fab6dd9efb0531a32fb0097dd25371e?size=low | https://pkmncards.com/?s=Vaporeon%20ex%203,n/a
pokemon|jp|24088|006/015|azumarill_delta_species,ja,24088,Holon Research Tower Water Quarter Deck,006/015,Azumarill Delta Species,,False,ja_constructed_deck_kit_no_permitted_image,False,,,0,no_permitted_exact_source_after_pass7,false_positive_en_scarlet_violet_image_for_ja_card,https://api.pokewallet.io/images/pk_a7717122eef6f56b9df6ed1f1976c365ebbe01c95cc5b496b54357a8d7fbb1cd5045b4518a6c5c42ab55a3faa1e5?size=high | https://api.pokewallet.io/images/pk_a7717122eef6f56b9df6ed1f1976c365ebbe01c95cc5b496b54357a8d7fbb1cd5045b4518a6c5c42ab55a3faa1e5?size=low | https://pkmncards.com/?s=Azumarill%20Delta%20Species%206,n/a
pokemon|jp|24088|008/015|potion,ja,24088,Holon Research Tower Water Quarter Deck,008/015,Potion,,False,ja_constructed_deck_kit_no_permitted_image,False,,,0,no_permitted_exact_source_after_pass7,false_positive_en_scarlet_violet_image_for_ja_card,https://api.pokewallet.io/images/pk_f06d197407bd538879de856c921a2126356cdfc7f3bcbac5dea44c7fb49e104c50cd2f20b9ee6fa28994adcce626?size=high | https://api.pokewallet.io/images/pk_f06d197407bd538879de856c921a2126356cdfc7f3bcbac5dea44c7fb49e104c50cd2f20b9ee6fa28994adcce626?size=low | https://pkmncards.com/?s=Potion%208,n/a
pokemon|jp|24088|010/015|holon_scientist,ja,24088,Holon Research Tower Water Quarter Deck,010/015,Holon Scientist,,False,ja_constructed_deck_kit_no_permitted_image,False,,,0,no_permitted_exact_source_after_pass7,false_positive_en_scarlet_violet_image_for_ja_card,https://api.pokewallet.io/images/pk_f4e4646a3a2e5e54e741f948027222d057765f996b9f53b6eefb22c1753a2243a49cb953fbd7ecc60f9130e8e988f2?size=high | https://api.pokewallet.io/images/pk_f4e4646a3a2e5e54e741f948027222d057765f996b9f53b6eefb22c1753a2243a49cb953fbd7ecc60f9130e8e988f2?size=low | https://pkmncards.com/?s=Holon%20Scientist%2010,n/a
pokemon|jp|24088|015/015|holon_energy_wp,ja,24088,Holon Research Tower Water Quarter Deck,015/015,Holon Energy WP,,False,ja_constructed_deck_kit_no_permitted_image,False,,,0,no_permitted_exact_source_after_pass7,false_positive_en_scarlet_violet_image_for_ja_card,https://api.pokewallet.io/images/pk_af0c8239cad0433632f85476ea1dd9e1bf9ef1cd1c9d92dd8818910137d2e5ce8b0c44e76ed9bddea322ae0f2a51d7?size=high | https://api.pokewallet.io/images/pk_af0c8239cad0433632f85476ea1dd9e1bf9ef1cd1c9d92dd8818910137d2e5ce8b0c44e76ed9bddea322ae0f2a51d7?size=low | https://pkmncards.com/?s=Holon%20Energy%20WP%2015,n/a
pokemon|jp|24091|001/024|jynx_delta_species,ja,24091,"Imprison, Gardevoir ex Constructed Standard Deck",001/024,Jynx Delta Species,,False,ja_constructed_deck_kit_no_permitted_image,False,,,0,no_permitted_exact_source_after_pass7,false_positive_en_scarlet_violet_image_for_ja_card,https://api.pokewallet.io/images/pk_6d97576b9076e2c8156320d20215818449dbfe3697ae301d40b975eb1a628e029a7823d0378eea2bd431dc8fe43c?size=high | https://api.pokewallet.io/images/pk_6d97576b9076e2c8156320d20215818449dbfe3697ae301d40b975eb1a628e029a7823d0378eea2bd431dc8fe43c?size=low | https://pkmncards.com/?s=Jynx%20Delta%20Species%201,n/a
pokemon|jp|24091|002/024|smoochum_delta_species,ja,24091,"Imprison, Gardevoir ex Constructed Standard Deck",002/024,Smoochum Delta Species,,False,ja_constructed_deck_kit_no_permitted_image,False,,,0,no_permitted_exact_source_after_pass7,false_positive_en_scarlet_violet_image_for_ja_card,https://api.pokewallet.io/images/pk_a1873022698458811fd24612469e0fab0b80b3f3f40e6733341c5cd3b5465d128717b60a29fb3cd77abde5de465a?size=high | https://api.pokewallet.io/images/pk_a1873022698458811fd24612469e0fab0b80b3f3f40e6733341c5cd3b5465d128717b60a29fb3cd77abde5de465a?size=low | https://pkmncards.com/?s=Smoochum%20Delta%20Species%202,n/a
pokemon|jp|24091|003/024|ralts_delta_species,ja,24091,"Imprison, Gardevoir ex Constructed Standard Deck",003/024,Ralts Delta Species,,False,ja_constructed_deck_kit_no_permitted_image,False,,,0,no_permitted_exact_source_after_pass7,false_positive_en_scarlet_violet_image_for_ja_card,https://api.pokewallet.io/images/pk_4beaed24d90c5436dd6d79f65629350947f7e12c9784edfeae49dacb1125b004eea9189bba9734b0f17793b79ce1?size=high | https://api.pokewallet.io/images/pk_4beaed24d90c5436dd6d79f65629350947f7e12c9784edfeae49dacb1125b004eea9189bba9734b0f17793b79ce1?size=low | https://pkmncards.com/?s=Ralts%20Delta%20Species%203,n/a
pokemon|jp|24091|004/024|kirlia_delta_species,ja,24091,"Imprison, Gardevoir ex Constructed Standard Deck",004/024,Kirlia Delta Species,,False,ja_constructed_deck_kit_no_permitted_image,False,,,0,no_permitted_exact_source_after_pass7,candidate,https://api.pokewallet.io/images/pk_3be6651e1984dfe613b69e87d655087144ea968f069282878699231fc815f01b4faf1c0a87dddbfc787f4f5aaa32?size=high | https://api.pokewallet.io/images/pk_3be6651e1984dfe613b69e87d655087144ea968f069282878699231fc815f01b4faf1c0a87dddbfc787f4f5aaa32?size=low | https://pkmncards.com/?s=Kirlia%20Delta%20Species%204,n/a
pokemon|jp|24091|005/024|gardevoir_ex_delta_species,ja,24091,"Imprison, Gardevoir ex Constructed Standard Deck",005/024,Gardevoir ex Delta Species,,False,ja_constructed_deck_kit_no_permitted_image,False,,,0,no_permitted_exact_source_after_pass7,false_positive_en_scarlet_violet_image_for_ja_card,https://api.pokewallet.io/images/pk_5587cb55cc6150c818f107ba2042bbe0120bcf4e7b0b0c23a1081210caa53605f93830d5d1062fe2fc0be29897a2?size=high | https://api.pokewallet.io/images/pk_5587cb55cc6150c818f107ba2042bbe0120bcf4e7b0b0c23a1081210caa53605f93830d5d1062fe2fc0be29897a2?size=low | https://pkmncards.com/?s=Gardevoir%20ex%20Delta%20Species%205,n/a
pokemon|jp|24091|006/024|smeargle_delta_species,ja,24091,"Imprison, Gardevoir ex Constructed Standard Deck",006/024,Smeargle Delta Species,,False,ja_constructed_deck_kit_no_permitted_image,False,,,0,no_permitted_exact_source_after_pass7,false_positive_en_scarlet_violet_image_for_ja_card,https://api.pokewallet.io/images/pk_5ed71b04ee30cce6c459d3117c77e2bf61e10f2f991cda757f594609e6f74a2b218af8134b3cdaf71b0b54021f30?size=high | https://api.pokewallet.io/images/pk_5ed71b04ee30cce6c459d3117c77e2bf61e10f2f991cda757f594609e6f74a2b218af8134b3cdaf71b0b54021f30?size=low | https://pkmncards.com/?s=Smeargle%20Delta%20Species%206,n/a
pokemon|jp|24091|007/024|ralts,ja,24091,"Imprison, Gardevoir ex Constructed Standard Deck",007/024,Ralts,,False,ja_constructed_deck_kit_no_permitted_image,False,,,0,no_permitted_exact_source_after_pass7,false_positive_en_scarlet_violet_image_for_ja_card,https://api.pokewallet.io/images/pk_a9c34ea07ce7a29e05d316d63650a06418bf62a5ddbc79dd10a4cbe781f6807f84ce6060a69c9e2c045c3a2d9ee7?size=high | https://api.pokewallet.io/images/pk_a9c34ea07ce7a29e05d316d63650a06418bf62a5ddbc79dd10a4cbe781f6807f84ce6060a69c9e2c045c3a2d9ee7?size=low | https://pkmncards.com/?s=Ralts%207,n/a
pokemon|jp|24091|009/024|trapinch_delta_species,ja,24091,"Imprison, Gardevoir ex Constructed Standard Deck",009/024,Trapinch Delta Species,,False,ja_constructed_deck_kit_no_permitted_image,False,,,0,no_permitted_exact_source_after_pass7,false_positive_en_scarlet_violet_image_for_ja_card,https://api.pokewallet.io/images/pk_5d2302db4125955a1750ec8e1e2b712e3efaf4eee26d0e73794d11d3f9ea0facd7b3832b7ac9738e55de3677bf03?size=high | https://api.pokewallet.io/images/pk_5d2302db4125955a1750ec8e1e2b712e3efaf4eee26d0e73794d11d3f9ea0facd7b3832b7ac9738e55de3677bf03?size=low | https://pkmncards.com/?s=Trapinch%20Delta%20Species%209,n/a
pokemon|jp|24091|010/024|vibrava_delta_species,ja,24091,"Imprison, Gardevoir ex Constructed Standard Deck",010/024,Vibrava Delta Species,,False,ja_constructed_deck_kit_no_permitted_image,False,,,0,no_permitted_exact_source_after_pass7,false_positive_en_scarlet_violet_image_for_ja_card,https://api.pokewallet.io/images/pk_fd28bec7b28ccd20d35cf78125ce93923714f102aeace4732e1ac98a1c46156b42c9d3da108f3356755220ddea4bf1?size=high | https://api.pokewallet.io/images/pk_fd28bec7b28ccd20d35cf78125ce93923714f102aeace4732e1ac98a1c46156b42c9d3da108f3356755220ddea4bf1?size=low | https://pkmncards.com/?s=Vibrava%20Delta%20Species%2010,n/a
pokemon|jp|24091|012/024|dual_ball,ja,24091,"Imprison, Gardevoir ex Constructed Standard Deck",012/024,Dual Ball,,False,ja_constructed_deck_kit_no_permitted_image,False,,,0,no_permitted_exact_source_after_pass7,false_positive_en_scarlet_violet_image_for_ja_card,https://api.pokewallet.io/images/pk_f63309c9d27d3346a0aa3c7a9fafaaa6551d85fe50e5ea100694d92c5efb14de7b8010d26d0d39f9c7c8990a86525c?size=high | https://api.pokewallet.io/images/pk_f63309c9d27d3346a0aa3c7a9fafaaa6551d85fe50e5ea100694d92c5efb14de7b8010d26d0d39f9c7c8990a86525c?size=low | https://pkmncards.com/?s=Dual%20Ball%2012,n/a
pokemon|jp|24091|013/024|old_rod,ja,24091,"Imprison, Gardevoir ex Constructed Standard Deck",013/024,Old Rod,,False,ja_constructed_deck_kit_no_permitted_image,False,,,0,no_permitted_exact_source_after_pass7,false_positive_en_scarlet_violet_image_for_ja_card,https://api.pokewallet.io/images/pk_3c8cd2f85b75aba5c3f88aed9730a3e79a4d548e66a1296372dae7bd724deaae8201e5b36fd30899d15e7c1a323f63?size=high | https://api.pokewallet.io/images/pk_3c8cd2f85b75aba5c3f88aed9730a3e79a4d548e66a1296372dae7bd724deaae8201e5b36fd30899d15e7c1a323f63?size=low | https://pkmncards.com/?s=Old%20Rod%2013,n/a
pokemon|jp|24091|018/024|island_hermit,ja,24091,"Imprison, Gardevoir ex Constructed Standard Deck",018/024,Island Hermit,,False,ja_constructed_deck_kit_no_permitted_image,False,,,0,no_permitted_exact_source_after_pass7,false_positive_en_scarlet_violet_image_for_ja_card,https://api.pokewallet.io/images/pk_eaa1c68adebe5cebb5f548f8b0fe5710190e05b68fe30fb2f06fa1b023c1325b81ad1df2550048ff36235b40585ba5?size=high | https://api.pokewallet.io/images/pk_eaa1c68adebe5cebb5f548f8b0fe5710190e05b68fe30fb2f06fa1b023c1325b81ad1df2550048ff36235b40585ba5?size=low | https://pkmncards.com/?s=Island%20Hermit%2018,n/a
pokemon|jp|24091|020/024|celios_network,ja,24091,"Imprison, Gardevoir ex Constructed Standard Deck",020/024,Celios Network,,False,ja_constructed_deck_kit_no_permitted_image,False,,,0,no_permitted_exact_source_after_pass7,false_positive_en_scarlet_violet_image_for_ja_card,https://api.pokewallet.io/images/pk_0f9747861e7130e13d93b829abaaba02bede08a6cc999afb30a9ec9d4e5b1d86b35fa013645a55f1f2cb2abfaab04e?size=high | https://api.pokewallet.io/images/pk_0f9747861e7130e13d93b829abaaba02bede08a6cc999afb30a9ec9d4e5b1d86b35fa013645a55f1f2cb2abfaab04e?size=low | https://pkmncards.com/?s=Celios%20Network%2020,n/a
pokemon|jp|24091|023/024|buffer_piece,ja,24091,"Imprison, Gardevoir ex Constructed Standard Deck",023/024,Buffer Piece,,False,ja_constructed_deck_kit_no_permitted_image,False,,,0,no_permitted_exact_source_after_pass7,false_positive_en_scarlet_violet_image_for_ja_card,https://api.pokewallet.io/images/pk_ec1864b38e11f07765879858362d244fd445ca17ff1490e4307b89f36038566157637a362247ba626db94bc5f341b5?size=high | https://api.pokewallet.io/images/pk_ec1864b38e11f07765879858362d244fd445ca17ff1490e4307b89f36038566157637a362247ba626db94bc5f341b5?size=low | https://pkmncards.com/?s=Buffer%20Piece%2023,n/a
pokemon|jp|24112|009/015|mr_stones_project,ja,24112,Water Quick Construction Pack,009/015,Mr Stones Project,,False,ja_constructed_deck_kit_no_permitted_image,False,,,0,no_permitted_exact_source_after_pass7,false_positive_en_scarlet_violet_image_for_ja_card,https://api.pokewallet.io/images/pk_acea332916abacca71ee12a70fc4e8fae28fccc82eef19d5ea3cbf67ab72ca3fcfda705ed77aa17a0e81457bb034?size=high | https://api.pokewallet.io/images/pk_acea332916abacca71ee12a70fc4e8fae28fccc82eef19d5ea3cbf67ab72ca3fcfda705ed77aa17a0e81457bb034?size=low | https://pkmncards.com/?s=Mr%20Stones%20Project%209,n/a
pokemon|jp|24159|004/012|sableye,ja,24159,Master Kit (Side Deck),004/012,Sableye,,False,ja_constructed_deck_kit_no_permitted_image,False,,,0,no_permitted_exact_source_after_pass7,false_positive_en_scarlet_violet_image_for_ja_card,https://api.pokewallet.io/images/pk_bb9b667979da2a6dc1743629124423b7ded0f2892c934f9a07da0720c5182c617f4f444bb23be86687e0386edda9?size=high | https://api.pokewallet.io/images/pk_bb9b667979da2a6dc1743629124423b7ded0f2892c934f9a07da0720c5182c617f4f444bb23be86687e0386edda9?size=low | https://pkmncards.com/?s=Sableye%204,n/a
pokemon|jp|24159|007/012|professor_oaks_research,ja,24159,Master Kit (Side Deck),007/012,Professor Oaks Research,,False,ja_constructed_deck_kit_no_permitted_image,False,,,0,no_permitted_exact_source_after_pass7,false_positive_en_scarlet_violet_image_for_ja_card,https://api.pokewallet.io/images/pk_1f699c64854a439073430424b2f1119fbb264c155ddcf9e450fb318b67f1272687906693af79a674519c15b0c80c?size=high | https://api.pokewallet.io/images/pk_1f699c64854a439073430424b2f1119fbb264c155ddcf9e450fb318b67f1272687906693af79a674519c15b0c80c?size=low | https://pkmncards.com/?s=Professor%20Oaks%20Research%207,n/a
pokemon|jp|24159|008/012|oran_berry,ja,24159,Master Kit (Side Deck),008/012,Oran Berry,,False,ja_constructed_deck_kit_no_permitted_image,False,,,0,no_permitted_exact_source_after_pass7,false_positive_en_scarlet_violet_image_for_ja_card,https://api.pokewallet.io/images/pk_907f92a91fe91d678b8346e96754f12644273fbdb9e937958eb61384b6968ec70840e2d2833a6b3f6a6ae60269e5?size=high | https://api.pokewallet.io/images/pk_907f92a91fe91d678b8346e96754f12644273fbdb9e937958eb61384b6968ec70840e2d2833a6b3f6a6ae60269e5?size=low | https://pkmncards.com/?s=Oran%20Berry%208,n/a
pokemon|jp|24159|009/012|multi_technical_machine_01,ja,24159,Master Kit (Side Deck),009/012,Multi Technical Machine 01,,False,ja_constructed_deck_kit_no_permitted_image,False,,,0,no_permitted_exact_source_after_pass7,candidate,https://api.pokewallet.io/images/pk_aefe26c8a3cfd247d6387949edc11ae31d081967738267b2021d6ca2852d3b747ceef4b68ae7a961a28944740f23?size=high | https://api.pokewallet.io/images/pk_aefe26c8a3cfd247d6387949edc11ae31d081967738267b2021d6ca2852d3b747ceef4b68ae7a961a28944740f23?size=low | https://pkmncards.com/?s=Multi%20Technical%20Machine%2001%209,n/a
